java_file,fout
/blogserver/src/main/java/org/sang/config/MyPasswordEncoder_matches_1.java,0
/blogserver/src/main/java/org/sang/config/MyPasswordEncoder_encode_0.java,0
/blogserver/src/main/java/org/sang/config/WebSecurityConfig_configure_1.java,0
/blogserver/src/main/java/org/sang/config/WebSecurityConfig_configure_0.java,0
/blogserver/src/main/java/org/sang/config/WebSecurityConfig_getAccessDeniedHandler_3.java,0
/blogserver/src/main/java/org/sang/config/WebSecurityConfig_configure_2.java,0
/blogserver/src/main/java/org/sang/service/ArticleService_stripHtml_2.java,0
/blogserver/src/main/java/org/sang/service/ArticleService_getDataStatistics_10.java,0
/blogserver/src/main/java/org/sang/service/UserService_getUserById_8.java,0
/blogserver/src/main/java/org/sang/service/ArticleService_updateArticleState_5.java,0
/blogserver/src/main/java/org/sang/service/UserService_updateUserEnabled_5.java,0
/blogserver/src/main/java/org/sang/service/DataStatisticsComponent_pvStatisticsPerDay_0.java,0
/blogserver/src/main/java/org/sang/service/UserService_updateUserEmail_2.java,0
/blogserver/src/main/java/org/sang/service/UserService_reg_1.java,0
/blogserver/src/main/java/org/sang/service/UserService_deleteUserById_6.java,0
/blogserver/src/main/java/org/sang/service/UserService_getAllRole_4.java,0
/blogserver/src/main/java/org/sang/service/ArticleService_addTagsToArticle_1.java,0
/blogserver/src/main/java/org/sang/service/ArticleService_getCategories_9.java,0
/blogserver/src/main/java/org/sang/service/UserService_getUserByNickname_3.java,0
/blogserver/src/main/java/org/sang/service/UserService_loadUserByUsername_0.java,0
/blogserver/src/main/java/org/sang/service/ArticleService_pvStatisticsPerDay_8.java,0
/blogserver/src/main/java/org/sang/service/ArticleService_getArticleById_7.java,0
/blogserver/src/main/java/org/sang/service/ArticleService_addNewArticle_0.java,0
/blogserver/src/main/java/org/sang/service/UserService_updateUserRoles_7.java,0
/blogserver/src/main/java/org/sang/service/ArticleService_restoreArticle_6.java,0
/blogserver/src/main/java/org/sang/bean/User_getId_8.java,0
/blogserver/src/main/java/org/sang/bean/User_getAuthorities_16.java,0
/blogserver/src/main/java/org/sang/bean/Article_setDynamicTags_9.java,0
/blogserver/src/main/java/org/sang/bean/Article_getId_12.java,0
/blogserver/src/main/java/org/sang/bean/User_isAccountNonLocked_12.java,0
/blogserver/src/main/java/org/sang/bean/Article_setHtmlContent_19.java,0
/blogserver/src/main/java/org/sang/bean/Article_setNickname_5.java,0
/blogserver/src/main/java/org/sang/bean/Article_setSummary_21.java,0
/blogserver/src/main/java/org/sang/bean/Article_setCid_23.java,0
/blogserver/src/main/java/org/sang/bean/Article_getEditTime_10.java,0
/blogserver/src/main/java/org/sang/bean/Tags_getTagName_2.java,0
/blogserver/src/main/java/org/sang/bean/User_isCredentialsNonExpired_13.java,0
/blogserver/src/main/java/org/sang/bean/Role_getId_1.java,0
/blogserver/src/main/java/org/sang/bean/User_getRoles_6.java,0
/blogserver/src/main/java/org/sang/bean/User_getEmail_4.java,0
/blogserver/src/main/java/org/sang/bean/Article_setTags_3.java,0
/blogserver/src/main/java/org/sang/bean/User_getUserface_2.java,0
/blogserver/src/main/java/org/sang/bean/Article_getCateName_6.java,0
/blogserver/src/main/java/org/sang/bean/Role_setId_2.java,0
/blogserver/src/main/java/org/sang/bean/Article_getTitle_14.java,0
/blogserver/src/main/java/org/sang/bean/Article_setState_29.java,0
/blogserver/src/main/java/org/sang/bean/User_setRoles_7.java,0
/blogserver/src/main/java/org/sang/bean/User_setEnabled_15.java,0
/blogserver/src/main/java/org/sang/bean/Tags_setTagName_3.java,0
/blogserver/src/main/java/org/sang/bean/User_isEnabled_14.java,0
/blogserver/src/main/java/org/sang/bean/User_setEmail_5.java,0
/blogserver/src/main/java/org/sang/bean/User_setUserface_3.java,0
/blogserver/src/main/java/org/sang/bean/Tags_getId_0.java,0
/blogserver/src/main/java/org/sang/bean/Article_setPageView_31.java,0
/blogserver/src/main/java/org/sang/bean/Article_getSummary_20.java,0
/blogserver/src/main/java/org/sang/bean/Tags_setId_1.java,0
/blogserver/src/main/java/org/sang/bean/Article_getUid_24.java,0
/blogserver/src/main/java/org/sang/bean/User_getPassword_18.java,0
/blogserver/src/main/java/org/sang/bean/Article_getHtmlContent_18.java,0
/blogserver/src/main/java/org/sang/bean/User_setNickname_21.java,0
/blogserver/src/main/java/org/sang/bean/Article_getState_28.java,0
/blogserver/src/main/java/org/sang/bean/Role_getName_3.java,0
/blogserver/src/main/java/org/sang/bean/User_setUsername_17.java,0
/blogserver/src/main/java/org/sang/bean/Article_getTags_2.java,0
/blogserver/src/main/java/org/sang/bean/Article_setEditTime_11.java,0
/blogserver/src/main/java/org/sang/bean/Article_setCateName_7.java,0
/blogserver/src/main/java/org/sang/bean/Role_Role_0.java,0
/blogserver/src/main/java/org/sang/bean/Article_setUid_25.java,0
/blogserver/src/main/java/org/sang/bean/Article_setStateStr_1.java,0
/blogserver/src/main/java/org/sang/bean/Article_getPageView_30.java,0
/blogserver/src/main/java/org/sang/bean/User_setPassword_19.java,0
/blogserver/src/main/java/org/sang/bean/Article_getCid_22.java,0
/blogserver/src/main/java/org/sang/bean/Role_Role_5.java,0
/blogserver/src/main/java/org/sang/bean/Article_setTitle_15.java,0
/blogserver/src/main/java/org/sang/bean/User_getUsername_10.java,0
/blogserver/src/main/java/org/sang/bean/Role_setName_4.java,0
/blogserver/src/main/java/org/sang/bean/User_setId_9.java,0
/blogserver/src/main/java/org/sang/bean/Article_setPublishDate_27.java,0
/blogserver/src/main/java/org/sang/bean/User_setRegTime_1.java,0
/blogserver/src/main/java/org/sang/bean/User_getRegTime_0.java,0
/blogserver/src/main/java/org/sang/bean/Article_getMdContent_16.java,0
/blogserver/src/main/java/org/sang/bean/Article_getPublishDate_26.java,0
/blogserver/src/main/java/org/sang/bean/Article_setMdContent_17.java,0
/blogserver/src/main/java/org/sang/bean/Article_setId_13.java,0
/blogserver/src/main/java/org/sang/bean/User_isAccountNonExpired_11.java,0
/blogserver/src/main/java/org/sang/bean/Article_getNickname_4.java,0
/blogserver/src/main/java/org/sang/bean/User_getNickname_20.java,0
/blogserver/src/main/java/org/sang/bean/Article_getDynamicTags_8.java,0
/blogserver/src/main/java/org/sang/bean/Article_getStateStr_0.java,0
/blogserver/src/main/java/org/sang/controller/UserController_updateUserEmail_4.java,0
/blogserver/src/main/java/org/sang/controller/UserController_currentUserId_1.java,0
/blogserver/src/main/java/org/sang/controller/UserController_currentUserEmail_2.java,0
/blogserver/src/main/java/org/sang/controller/UserController_isAdmin_3.java,0
/blogserver/src/main/java/org/sang/controller/CategoryController_addNewCate_3.java,0
/blogserver/src/main/java/org/sang/controller/CategoryController_getAllCategories_0.java,0
/blogserver/src/main/java/org/sang/controller/CategoryController_updateCate_4.java,0
/blogserver/src/main/java/org/sang/controller/UserController_currentUserName_0.java,0
/blogserver/src/main/java/org/sang/controller/admin/UserManaController_getUserByNickname_0.java,0
/blogserver/src/main/java/org/sang/controller/admin/AdminController_updateArticleState_3.java,0
/blogserver/src/main/java/org/sang/controller/admin/UserManaController_updateUserEnabled_4.java,0
/blogserver/src/main/java/org/sang/controller/admin/UserManaController_updateUserRoles_7.java,0
/blogserver/src/main/java/org/sang/controller/admin/UserManaController_getAllRole_3.java,0
/blogserver/src/main/java/org/sang/utils/DateTypeHandler_getResult_2.java,0
/blogserver/src/main/java/org/sang/utils/DateTypeHandler_setParameter_0.java,0
/blogserver/src/main/java/org/sang/utils/DateTypeHandler_getResult_1.java,0
/blogserver/src/main/java/org/sang/utils/DateTypeHandler_getResult_3.java,0
/blogserver/src/main/java/org/sang/utils/Util_getCurrentUser_0.java,0
