java_file,hse
/src/main/java/junit/framework/ComparisonFailure_ComparisonFailure_0.java,902.492
/src/main/java/junit/framework/TestCase_assertEquals_33.java,499.559
/src/main/java/junit/framework/TestCase_assertNotNull_34.java,304.722
/src/main/java/junit/framework/TestCase_assertNotSame_41.java,603.085
/src/main/java/junit/framework/JUnit4TestAdapter_filter_10.java,304.722
/src/main/java/junit/framework/TestCase_failSame_42.java,304.722
/src/main/java/junit/framework/JUnit4TestAdapter_removeIgnored_7.java,3680.106
/src/main/java/junit/framework/TestCase_assertEquals_30.java,659.288
/src/main/java/junit/framework/TestCase_failNotEquals_44.java,763.714
/src/main/java/junit/framework/TestFailure_isFailure_6.java,144.232
/src/main/java/junit/framework/TestCase_countTestCases_2.java,105
/src/main/java/junit/framework/TestCase_assertEquals_28.java,659.288
/src/main/java/junit/framework/TestCase_run_4.java,577.179
/src/main/java/junit/framework/TestCase_TestCase_0.java,139.477
/src/main/java/junit/framework/TestFailure_trace_4.java,258.117
/src/main/java/junit/framework/TestCase_assertEquals_26.java,659.288
/src/main/java/junit/framework/TestFailure_toString_3.java,430.735
/src/main/java/junit/framework/TestCase_assertFalse_11.java,295.205
/src/main/java/junit/framework/TestCase_TestCase_1.java,258.304
/src/main/java/junit/framework/TestSuite_TestSuite_4.java,444.053
/src/main/java/junit/framework/JUnit4TestCaseFacade_run_3.java,255.966
/src/main/java/junit/framework/TestCase_assertTrue_8.java,503.713
/src/main/java/junit/framework/TestCase_failNotSame_43.java,763.714
/src/main/java/junit/framework/TestSuite_createTest_0.java,28086.484
/src/main/java/junit/framework/TestSuite_TestSuite_7.java,232.535
/src/main/java/junit/framework/JUnit4TestAdapterCache_createTest_2.java,2458.262
/src/main/java/junit/framework/JUnit4TestAdapter_isIgnored_8.java,492.268
/src/main/java/junit/framework/TestCase_setName_50.java,258.304
/src/main/java/junit/framework/TestCase_fail_12.java,304.722
/src/main/java/junit/framework/TestFailure_failedTest_1.java,122.042
/src/main/java/junit/framework/TestCase_assertEquals_16.java,870.26
/src/main/java/junit/framework/TestSuite_addTestSuite_12.java,515.71
/src/main/java/junit/framework/TestSuite_run_15.java,1021.866
/src/main/java/junit/framework/AssertionFailedError_AssertionFailedError_0.java,75.799
/src/main/java/junit/framework/JUnit4TestCaseFacade_countTestCases_2.java,105
/src/main/java/junit/framework/TestCase_assertEquals_17.java,603.085
/src/main/java/junit/framework/TestCase_assertEquals_24.java,659.288
/src/main/java/junit/framework/JUnit4TestCaseFacade_JUnit4TestCaseFacade_0.java,258.304
/src/main/java/junit/framework/TestSuite_warning_2.java,717.429
/src/main/java/junit/framework/TestCase_tearDown_47.java,75.799
/src/main/java/junit/framework/TestCase_assertEquals_21.java,657.911
/src/main/java/junit/framework/TestCase_run_5.java,295.205
/src/main/java/junit/framework/TestSuite_TestSuite_8.java,1373.388
/src/main/java/junit/framework/JUnit4TestCaseFacade_getDescription_4.java,122.042
/src/main/java/junit/framework/TestSuite_TestSuite_3.java,75.799
/src/main/java/junit/framework/JUnit4TestAdapter_JUnit4TestAdapter_1.java,1414.292
/src/main/java/junit/framework/TestSuite_runTest_16.java,479.727
/src/main/java/junit/framework/TestCase_assertEquals_19.java,657.911
/src/main/java/junit/framework/TestSuite_addTestsFromTestCase_5.java,16193.219
/src/main/java/junit/framework/TestCase_assertEquals_25.java,499.559
/src/main/java/junit/framework/TestFailure_thrownException_2.java,122.042
/src/main/java/junit/framework/TestCase_assertSame_38.java,763.714
/src/main/java/junit/framework/TestCase_assertEquals_31.java,499.559
/src/main/java/junit/framework/TestSuite_toString_21.java,666.079
/src/main/java/junit/framework/TestSuite_setName_17.java,258.304
/src/main/java/junit/framework/JUnit4TestAdapter_toString_9.java,207.566
/src/main/java/junit/framework/TestSuite_isPublicTestMethod_23.java,632.916
/src/main/java/junit/framework/TestCase_runTest_7.java,177.516
/src/main/java/junit/framework/TestSuite_countTestCases_13.java,1045.369
/src/main/java/junit/framework/JUnit4TestAdapter_run_3.java,471.757
/src/main/java/junit/framework/TestCase_assertEquals_22.java,659.288
/src/main/java/junit/framework/JUnit4TestAdapter_JUnit4TestAdapter_0.java,690
/src/main/java/junit/framework/JUnit4TestAdapterCache_getDefault_0.java,122.042
/src/main/java/junit/framework/JUnit4TestCaseFacade_toString_1.java,235.241
/src/main/java/junit/framework/JUnit4TestAdapterCache_asTestList_4.java,3703.654
/src/main/java/junit/framework/JUnit4TestAdapter_getTestClass_5.java,225.853
/src/main/java/junit/framework/TestFailure_TestFailure_0.java,492.268
/src/main/java/junit/framework/TestSuite_TestSuite_10.java,1030.83
/src/main/java/junit/framework/TestCase_assertEquals_20.java,820.286
/src/main/java/junit/framework/TestSuite_addTest_11.java,304.722
/src/main/java/junit/framework/TestSuite_testCaseForClass_9.java,2187.027
/src/main/java/junit/framework/TestCase_assertSame_39.java,603.085
/src/main/java/junit/framework/TestSuite_testCount_19.java,186.028
/src/main/java/junit/framework/TestCase_assertEquals_27.java,499.559
/src/main/java/junit/framework/TestCase_assertNotSame_40.java,763.714
/src/main/java/junit/framework/TestCase_assertNull_36.java,304.722
/src/main/java/junit/framework/TestCase_assertFalse_10.java,503.713
/src/main/java/junit/framework/TestSuite_testAt_18.java,304.722
/src/main/java/junit/framework/TestCase_setUp_46.java,316.388
/src/main/java/junit/framework/JUnit4TestAdapter_getDescription_6.java,551.686
/src/main/java/junit/framework/TestCase_assertTrue_9.java,295.205
/src/main/java/junit/framework/TestCase_createResult_3.java,273
/src/main/java/junit/framework/TestFailure_exceptionMessage_5.java,235.241
/src/main/java/junit/framework/TestCase_assertNull_37.java,515.71
/src/main/java/junit/framework/TestSuite_TestSuite_6.java,779.343
/src/main/java/junit/framework/AssertionFailedError_defaultString_2.java,863.436
/src/main/java/junit/framework/TestCase_fail_13.java,186.028
/src/main/java/junit/framework/AssertionFailedError_AssertionFailedError_1.java,263.54
/src/main/java/junit/framework/ComparisonFailure_getExpected_3.java,122.042
/src/main/java/junit/framework/JUnit4TestAdapter_sort_11.java,304.722
/src/main/java/junit/framework/TestSuite_getTestConstructor_1.java,1132.781
/src/main/java/junit/framework/TestSuite_tests_20.java,342.662
/src/main/java/junit/framework/TestCase_assertEquals_18.java,820.286
/src/main/java/junit/framework/JUnit4TestAdapter_countTestCases_2.java,186.028
/src/main/java/junit/framework/TestCase_runBare_6.java,2550.857
/src/main/java/junit/framework/TestSuite_addTestMethod_22.java,7902.6
/src/main/java/junit/framework/TestCase_assertEquals_15.java,603.085
/src/main/java/junit/framework/TestCase_assertEquals_29.java,499.559
/src/main/java/junit/framework/TestCase_assertEquals_23.java,499.559
/src/main/java/junit/framework/TestCase_assertNotNull_35.java,515.71
/src/main/java/junit/framework/JUnit4TestAdapterCache_getNotifier_3.java,6757.364
/src/main/java/junit/framework/ComparisonFailure_getMessage_1.java,468
/src/main/java/junit/framework/JUnit4TestAdapter_getTests_4.java,410.224
/src/main/java/junit/framework/TestSuite_isTestMethod_24.java,1449.28
/src/main/java/junit/framework/TestCase_format_45.java,864
/src/main/java/junit/framework/TestCase_getName_49.java,122.042
/src/main/java/junit/framework/TestSuite_getName_14.java,122.042
/src/main/java/junit/framework/JUnit4TestAdapter_order_12.java,304.722
/src/main/java/junit/framework/ComparisonFailure_getActual_2.java,122.042
/src/main/java/junit/framework/TestCase_toString_48.java,849.749
/src/main/java/junit/framework/TestCase_assertEquals_14.java,763.714
/src/main/java/junit/framework/TestCase_assertEquals_32.java,659.288
/src/main/java/junit/framework/JUnit4TestAdapterCache_asTest_1.java,1993.745
/src/main/java/junit/textui/TestRunner_pause_12.java,744.94
/src/main/java/junit/textui/ResultPrinter_printDefect_7.java,568.388
/src/main/java/junit/textui/TestRunner_TestRunner_0.java,186.028
/src/main/java/junit/textui/TestRunner_testFailed_6.java,188.211
/src/main/java/junit/textui/TestRunner_doRun_11.java,3412.821
/src/main/java/junit/textui/ResultPrinter_startTest_16.java,1350.418
/src/main/java/junit/textui/TestRunner_setPrinter_17.java,258.304
/src/main/java/junit/textui/TestRunner_TestRunner_2.java,258.304
/src/main/java/junit/textui/TestRunner_runFailed_16.java,522.407
/src/main/java/junit/textui/ResultPrinter_addFailure_14.java,496.627
/src/main/java/junit/textui/ResultPrinter_printDefects_6.java,8041.395
/src/main/java/junit/textui/TestRunner_createTestResult_9.java,273
/src/main/java/junit/textui/ResultPrinter_printErrors_4.java,745.714
/src/main/java/junit/textui/TestRunner_run_4.java,659.288
/src/main/java/junit/textui/ResultPrinter_printFooter_10.java,12789
/src/main/java/junit/textui/ResultPrinter_addError_13.java,496.627
/src/main/java/junit/textui/TestRunner_main_13.java,3709.609
/src/main/java/junit/textui/TestRunner_start_14.java,32571.08
/src/main/java/junit/textui/ResultPrinter_printDefectHeader_8.java,888.715
/src/main/java/junit/textui/ResultPrinter_getWriter_12.java,122.042
/src/main/java/junit/textui/ResultPrinter_printDefectTrace_9.java,500.082
/src/main/java/junit/textui/TestRunner_doRun_10.java,304.722
/src/main/java/junit/textui/TestRunner_TestRunner_1.java,263.54
/src/main/java/junit/textui/ResultPrinter_ResultPrinter_0.java,258.304
/src/main/java/junit/textui/ResultPrinter_printHeader_3.java,966.955
/src/main/java/junit/textui/TestRunner_testEnded_8.java,90
/src/main/java/junit/textui/TestRunner_runAndWait_5.java,781.378
/src/main/java/junit/textui/TestRunner_testStarted_7.java,90
/src/main/java/junit/textui/TestRunner_runSingleMethod_15.java,2451.155
/src/main/java/junit/textui/ResultPrinter_print_1.java,785.843
/src/main/java/junit/textui/TestRunner_run_3.java,515.71
/src/main/java/junit/textui/ResultPrinter_printWaitPrompt_2.java,677.558
/src/main/java/junit/textui/ResultPrinter_elapsedTimeAsString_11.java,512.779
/src/main/java/junit/textui/ResultPrinter_printFailures_5.java,745.714
/src/main/java/junit/textui/ResultPrinter_endTest_15.java,90
/src/main/java/junit/runner/BaseTestRunner_elapsedTimeAsString_12.java,512.779
/src/main/java/junit/runner/BaseTestRunner_readPreferences_22.java,2679.341
/src/main/java/junit/runner/BaseTestRunner_getPreference_24.java,2022.662
/src/main/java/junit/runner/BaseTestRunner_savePreferences_3.java,1284.631
/src/main/java/junit/runner/BaseTestRunner_extractClassName_15.java,1453.219
/src/main/java/junit/runner/Version_main_2.java,460
/src/main/java/junit/runner/BaseTestRunner_getPreference_23.java,430.196
/src/main/java/junit/runner/BaseTestRunner_startTest_0.java,340.571
/src/main/java/junit/runner/Version_id_1.java,201.53
/src/main/java/junit/runner/BaseTestRunner_useReloadingTestSuiteLoader_20.java,659.288
/src/main/java/junit/runner/BaseTestRunner_clearStatus_19.java,75.799
/src/main/java/junit/runner/BaseTestRunner_addFailure_7.java,555.429
/src/main/java/junit/runner/BaseTestRunner_loadSuiteClass_18.java,574.313
/src/main/java/junit/runner/BaseTestRunner_getFilteredTrace_25.java,410.782
/src/main/java/junit/runner/BaseTestRunner_showStackRaw_27.java,944.204
/src/main/java/junit/runner/BaseTestRunner_getFilteredTrace_26.java,4720.555
/src/main/java/junit/runner/Version_Version_0.java,75.799
/src/main/java/junit/runner/BaseTestRunner_getPreferencesFile_21.java,1016.419
/src/main/java/junit/runner/BaseTestRunner_processArguments_13.java,12985.067
/src/main/java/junit/runner/BaseTestRunner_filterLine_28.java,7988.642
/src/main/java/junit/runner/BaseTestRunner_addError_6.java,555.429
/src/main/java/junit/runner/BaseTestRunner_truncate_16.java,2987.867
/src/main/java/junit/runner/BaseTestRunner_getTest_11.java,22072.547
/src/main/java/junit/runner/BaseTestRunner_setLoading_14.java,259.11
/src/main/java/junit/runner/BaseTestRunner_setPreferences_1.java,258.304
/src/main/java/junit/runner/BaseTestRunner_endTest_5.java,340.571
/src/main/java/junit/runner/BaseTestRunner_getPreferences_2.java,3096.169
/src/main/java/junit/runner/BaseTestRunner_setPreference_4.java,657.911
/src/main/java/junit/extensions/TestDecorator_basicRun_1.java,304.722
/src/main/java/junit/extensions/ActiveTestSuite_waitUntilFinished_6.java,444.053
/src/main/java/junit/extensions/ActiveTestSuite_run_4.java,492.268
/src/main/java/junit/extensions/TestDecorator_getTest_5.java,122.042
/src/main/java/junit/extensions/TestSetup_setUp_2.java,75.799
/src/main/java/junit/extensions/TestDecorator_run_3.java,232.535
/src/main/java/junit/extensions/ActiveTestSuite_ActiveTestSuite_1.java,444.053
/src/main/java/junit/extensions/ActiveTestSuite_ActiveTestSuite_2.java,232.989
/src/main/java/junit/extensions/TestDecorator_toString_4.java,207.566
/src/main/java/junit/extensions/ActiveTestSuite_ActiveTestSuite_3.java,708.4
/src/main/java/junit/extensions/TestDecorator_countTestCases_2.java,186.028
/src/main/java/junit/extensions/TestSetup_run_1.java,1579.425
/src/main/java/junit/extensions/TestSetup_tearDown_3.java,75.799
/src/main/java/junit/extensions/TestSetup_TestSetup_0.java,232.989
/src/main/java/junit/extensions/ActiveTestSuite_runTest_5.java,1961.581
/src/main/java/junit/extensions/ActiveTestSuite_ActiveTestSuite_0.java,75.799
/src/main/java/junit/extensions/ActiveTestSuite_runFinished_7.java,212.603
/src/main/java/junit/extensions/TestDecorator_TestDecorator_0.java,258.304
/src/main/java/org/junit/Assert_assertEquals_43.java,438.195
/src/main/java/org/junit/ComparisonFailure_ComparisonFailure_0.java,1100
/src/main/java/org/junit/Assert_assertArrayEquals_24.java,709.251
/src/main/java/org/junit/validator/AnnotationValidator_validateAnnotatedField_1.java,274.13
/src/main/java/org/junit/validator/AnnotationValidator_validateAnnotatedClass_0.java,274.13
/src/main/java/org/junit/validator/AnnotationValidator_validateAnnotatedMethod_2.java,274.13
/src/main/java/org/junit/validator/AnnotationValidatorFactory_createAnnotationValidator_0.java,6694.331
/src/main/java/org/junit/validator/PublicClassValidator_validateTestClass_0.java,1781.543
/src/main/java/org/junit/validator/AnnotationsValidator_validateTestClass_0.java,3320.357
/src/main/java/org/junit/AssumptionViolatedException_AssumptionViolatedException_3.java,408.686
/src/main/java/org/junit/internal/AssumptionViolatedException_AssumptionViolatedException_3.java,338.837
/src/main/java/org/junit/Assume_assumeNotNull_5.java,1084.162
/src/main/java/org/junit/Assume_assumeThat_6.java,1559.552
/src/main/java/org/junit/Assume_assumeNoException_8.java,340.571
/src/main/java/org/junit/Assert_equalsRegardingNull_8.java,1161.476
/src/main/java/org/junit/Assert_assertNotSame_57.java,526.989
/src/main/java/org/junit/Assert_format_61.java,12312.368
/src/main/java/org/junit/Assert_assertArrayEquals_20.java,832.859
/src/main/java/org/junit/Assert_assertNotEquals_14.java,1091.937
/src/main/java/org/junit/Assert_assertNotEquals_15.java,438.195
/src/main/java/org/junit/Assert_assertNotEquals_18.java,577.179
/src/main/java/org/junit/rules/DisableOnDebug_isDebugging_3.java,2108.312
/src/main/java/org/junit/rules/ExpectedException_expectMessage_9.java,431.754
/src/main/java/org/junit/rules/Stopwatch_starting_8.java,342.662
/src/main/java/org/junit/rules/Stopwatch_finished_6.java,870
/src/main/java/org/junit/rules/TestWatchman_succeeded_1.java,1677.526
/src/main/java/org/junit/rules/Stopwatch_stopping_9.java,258.117
/src/main/java/org/junit/rules/Timeout_seconds_5.java,474.581
/src/main/java/org/junit/rules/ExpectedException_handleException_12.java,786.857
/src/main/java/org/junit/rules/TemporaryFolder_newFolder_10.java,26717.057
/src/main/java/org/junit/rules/RuleChain_around_3.java,2481.739
/src/main/java/org/junit/rules/TemporaryFolder_createTemporaryFolderIn_12.java,6483.785
/src/main/java/org/junit/rules/TemporaryFolder_before_4.java,126
/src/main/java/org/junit/rules/DisableOnDebug_DisableOnDebug_0.java,493.433
/src/main/java/org/junit/rules/Timeout_Timeout_1.java,365.666
/src/main/java/org/junit/rules/Stopwatch_Stopwatch_1.java,467.023
/src/main/java/org/junit/rules/ErrorCollector_checkSucceeds_4.java,2810.758
/src/main/java/org/junit/rules/RunRules_evaluate_1.java,186.028
/src/main/java/org/junit/rules/Stopwatch_getNanos_7.java,1663.772
/src/main/java/org/junit/rules/Stopwatch_failed_4.java,917.384
/src/main/java/org/junit/rules/TemporaryFolder_newFile_8.java,437.114
/src/main/java/org/junit/rules/ExternalResource_after_3.java,249.079
/src/main/java/org/junit/rules/ExpectedExceptionMatcherBuilder_build_2.java,316.388
/src/main/java/org/junit/rules/ExpectedException_missingExceptionMessage_14.java,781.861
/src/main/java/org/junit/rules/Stopwatch_apply_10.java,659.288
/src/main/java/org/junit/rules/ExpectedExceptionMatcherBuilder_allOfTheMatchers_3.java,1089.514
/src/main/java/org/junit/rules/RuleChain_emptyRuleChain_0.java,122.042
/src/main/java/org/junit/rules/TemporaryFolder_create_6.java,207.566
/src/main/java/org/junit/rules/RunRules_RunRules_0.java,950.824
/src/main/java/org/junit/rules/ExpectedException_none_0.java,273
/src/main/java/org/junit/rules/DisableOnDebug_DisableOnDebug_1.java,1019.503
/src/main/java/org/junit/rules/ExternalResource_statement_1.java,5711.034
/src/main/java/org/junit/rules/ExpectedExceptionMatcherBuilder_castedMatchers_4.java,968.909
/src/main/java/org/junit/rules/TemporaryFolder_createTemporaryFolderWithFileApi_14.java,12464.353
/src/main/java/org/junit/rules/ExpectedException_expect_7.java,515.71
/src/main/java/org/junit/rules/TemporaryFolder_delete_16.java,615.335
/src/main/java/org/junit/rules/TestWatchman_starting_3.java,90
/src/main/java/org/junit/rules/ExpectedException_failDueToMissingException_13.java,166.421
/src/main/java/org/junit/rules/TestWatchman_finished_4.java,90
/src/main/java/org/junit/rules/TestName_getMethodName_1.java,122.042
/src/main/java/org/junit/rules/Stopwatch_Stopwatch_0.java,16844.972
/src/main/java/org/junit/rules/TemporaryFolder_getRoot_15.java,518.062
/src/main/java/org/junit/rules/ExpectedExceptionMatcherBuilder_cast_5.java,1079.295
/src/main/java/org/junit/rules/TemporaryFolder_after_5.java,126
/src/main/java/org/junit/rules/TemporaryFolder_TemporaryFolder_2.java,799.295
/src/main/java/org/junit/rules/TemporaryFolder_newFolder_9.java,524.537
/src/main/java/org/junit/rules/Stopwatch_succeeded_3.java,870
/src/main/java/org/junit/rules/ExternalResource_before_2.java,249.079
/src/main/java/org/junit/rules/Timeout_apply_9.java,1565.262
/src/main/java/org/junit/rules/ExpectedException_isAnyExceptionExpected_11.java,186.028
/src/main/java/org/junit/rules/RuleChain_outerRule_1.java,355.242
/src/main/java/org/junit/rules/TemporaryFolder_TemporaryFolder_1.java,510.857
/src/main/java/org/junit/rules/ExpectedException_expect_6.java,537.197
/src/main/java/org/junit/rules/Stopwatch_runtime_2.java,551.686
/src/main/java/org/junit/rules/ExpectedException_reportMissingExceptionWithMessage_4.java,286.797
/src/main/java/org/junit/rules/ExpectedException_handleAssumptionViolatedExceptions_3.java,105
/src/main/java/org/junit/rules/TemporaryFolder_tryDelete_17.java,418.563
/src/main/java/org/junit/rules/TemporaryFolder_newFolder_11.java,186.028
/src/main/java/org/junit/rules/ErrorCollector_verify_0.java,207.566
/src/main/java/org/junit/rules/ErrorCollector_checkThat_2.java,866.667
/src/main/java/org/junit/rules/ErrorCollector_checkThrows_5.java,1172.683
/src/main/java/org/junit/rules/ExpectedException_expectMessage_8.java,272.43
/src/main/java/org/junit/rules/Timeout_getTimeout_6.java,390.635
/src/main/java/org/junit/rules/TestWatchman_failed_2.java,2205.236
/src/main/java/org/junit/rules/ExpectedExceptionMatcherBuilder_add_0.java,537.197
/src/main/java/org/junit/rules/RuleChain_RuleChain_2.java,483.478
/src/main/java/org/junit/rules/Stopwatch_skipped_5.java,917.384
/src/main/java/org/junit/rules/DisableOnDebug_apply_2.java,905.143
/src/main/java/org/junit/rules/ErrorCollector_checkThat_3.java,2104.498
/src/main/java/org/junit/rules/Timeout_builder_0.java,273
/src/main/java/org/junit/rules/TemporaryFolder_recursiveDelete_18.java,3981.113
/src/main/java/org/junit/rules/Timeout_millis_4.java,474.581
/src/main/java/org/junit/rules/ErrorCollector_addError_1.java,2462.443
/src/main/java/org/junit/rules/DisableOnDebug_isDebugging_4.java,105
/src/main/java/org/junit/rules/TemporaryFolder_newFile_7.java,2572.164
/src/main/java/org/junit/rules/ExpectedExceptionMatcherBuilder_expectsThrowable_1.java,233.512
/src/main/java/org/junit/rules/Timeout_Timeout_2.java,951.839
/src/main/java/org/junit/rules/TestName_starting_0.java,374.67
/src/main/java/org/junit/rules/ExpectedException_expectCause_10.java,499.715
/src/main/java/org/junit/rules/TemporaryFolder_createTemporaryFolderWithNioApi_13.java,19897.651
/src/main/java/org/junit/rules/TemporaryFolder_builder_3.java,273
/src/main/java/org/junit/rules/Timeout_getLookingForStuckThread_7.java,105
/src/main/java/org/junit/rules/ExternalResource_apply_0.java,393.727
/src/main/java/org/junit/rules/ExpectedException_ExpectedException_1.java,75.799
/src/main/java/org/junit/rules/Timeout_Timeout_3.java,859.9
/src/main/java/org/junit/rules/TemporaryFolder_TemporaryFolder_0.java,147
/src/main/java/org/junit/rules/RuleChain_apply_4.java,525.415
/src/main/java/org/junit/rules/ExpectedException_handleAssertionErrors_2.java,105
/src/main/java/org/junit/Assert_floatIsDifferent_42.java,2022.662
/src/main/java/org/junit/Assert_isEquals_9.java,582.819
/src/main/java/org/junit/AssumptionViolatedException_AssumptionViolatedException_1.java,900
/src/main/java/org/junit/internal/AssumptionViolatedException_AssumptionViolatedException_1.java,773.564
/src/main/java/org/junit/Assert_fail_6.java,126
/src/main/java/org/junit/Assert_failSame_58.java,1985.339
/src/main/java/org/junit/Assert_assertEquals_48.java,577.179
/src/main/java/org/junit/Assert_assertArrayEquals_26.java,709.251
/src/main/java/org/junit/Assert_fail_5.java,719.562
/src/main/java/org/junit/Assert_assertFalse_3.java,499.559
/src/main/java/org/junit/Assert_assertNull_52.java,295.205
/src/main/java/org/junit/Assert_assertNotEquals_12.java,526.989
/src/main/java/org/junit/Assert_assertTrue_2.java,298.974
/src/main/java/org/junit/Assert_assertTrue_1.java,574.493
/src/main/java/org/junit/Assume_assumeTrue_3.java,524.537
/src/main/java/org/junit/Assert_assertEquals_10.java,526.989
/src/main/java/org/junit/Assert_Assert_0.java,75.799
/src/main/java/org/junit/runner/FilterFactoryParams_getArgs_1.java,122.042
/src/main/java/org/junit/runner/Result_wasSuccessful_8.java,199.316
/src/main/java/org/junit/runner/Request_runner_6.java,838.881
/src/main/java/org/junit/runner/JUnitCore_getVersion_5.java,207.566
/src/main/java/org/junit/runner/Result_Result_0.java,1320.349
/src/main/java/org/junit/runner/JUnitCore_run_7.java,1165.146
/src/main/java/org/junit/runner/JUnitCommandLineParseResult_copyArray_6.java,6459.122
/src/main/java/org/junit/runner/JUnitCommandLineParseResult_parseParameters_7.java,3046.524
/src/main/java/org/junit/runner/JUnitCore_run_6.java,765.173
/src/main/java/org/junit/runner/Computer_getRunner_2.java,800.626
/src/main/java/org/junit/runner/Result_getRunTime_4.java,186.028
/src/main/java/org/junit/runner/Description_createTestDescription_3.java,1680.793
/src/main/java/org/junit/runner/JUnitCommandLineParseResult_createRequest_9.java,3439.108
/src/main/java/org/junit/runner/Description_createTestDescription_4.java,1321.712
/src/main/java/org/junit/runner/Description_equals_18.java,1480
/src/main/java/org/junit/runner/Description_createSuiteDescription_8.java,1376.075
/src/main/java/org/junit/runner/JUnitCore_runClasses_2.java,765.173
/src/main/java/org/junit/runner/Result_createListener_12.java,144.232
/src/main/java/org/junit/runner/Description_getAnnotation_22.java,1798.997
/src/main/java/org/junit/runner/FilterFactoryParams_getTopLevelDescription_2.java,122.042
/src/main/java/org/junit/runner/Result_getFailureCount_3.java,186.028
/src/main/java/org/junit/runner/JUnitCommandLineParseResult_parse_3.java,1276
/src/main/java/org/junit/runner/manipulation/Filter_intersect_4.java,6489.812
/src/main/java/org/junit/runner/manipulation/Filter_apply_3.java,90
/src/main/java/org/junit/runner/manipulation/Filter_matchMethodDescription_0.java,4691.206
/src/main/java/org/junit/runner/manipulation/Sorter_compare_2.java,268.872
/src/main/java/org/junit/runner/manipulation/Alphanumeric_create_1.java,139.521
/src/main/java/org/junit/runner/manipulation/Orderer_apply_2.java,1027.986
/src/main/java/org/junit/runner/manipulation/Sorter_apply_1.java,1027.986
/src/main/java/org/junit/runner/manipulation/Alphanumeric_Alphanumeric_0.java,126
/src/main/java/org/junit/runner/manipulation/Filter_describe_2.java,201.53
/src/main/java/org/junit/runner/manipulation/Orderer_Orderer_0.java,322.647
/src/main/java/org/junit/runner/manipulation/Sorter_validateOrderingIsCorrect_4.java,105
/src/main/java/org/junit/runner/manipulation/Sorter_Sorter_0.java,628.214
/src/main/java/org/junit/runner/manipulation/Sorter_orderItems_3.java,1993.489
/src/main/java/org/junit/runner/manipulation/Filter_shouldRun_1.java,122.042
/src/main/java/org/junit/runner/Description_hashCode_17.java,186.028
/src/main/java/org/junit/runner/Description_isTest_15.java,186.028
/src/main/java/org/junit/runner/Description_isEmpty_20.java,144.232
/src/main/java/org/junit/runner/Description_createSuiteDescription_0.java,685.324
/src/main/java/org/junit/runner/Description_getClassName_25.java,901.977
/src/main/java/org/junit/runner/Description_getMethodName_26.java,207.566
/src/main/java/org/junit/runner/JUnitCore_removeListener_12.java,304.722
/src/main/java/org/junit/runner/Result_Result_1.java,2275.214
/src/main/java/org/junit/runner/Request_classWithoutSuiteMethod_2.java,537.197
/src/main/java/org/junit/runner/Request_sortWith_10.java,468.827
/src/main/java/org/junit/runner/Description_createSuiteDescription_1.java,848.571
/src/main/java/org/junit/runner/JUnitCore_run_10.java,2646.284
/src/main/java/org/junit/runner/JUnitCore_run_9.java,410.782
/src/main/java/org/junit/runner/JUnitCommandLineParseResult_getClasses_2.java,440
/src/main/java/org/junit/runner/Description_childlessCopy_21.java,322.647
/src/main/java/org/junit/runner/JUnitCommandLineParseResult_parseOptions_5.java,32570.2
/src/main/java/org/junit/runner/Description_Description_9.java,1334.376
/src/main/java/org/junit/runner/Description_createTestDescription_2.java,1018.286
/src/main/java/org/junit/runner/Request_aClass_1.java,452.123
/src/main/java/org/junit/runner/Result_writeObject_9.java,657.911
/src/main/java/org/junit/runner/FilterFactories_createFilterFactory_3.java,2117.598
/src/main/java/org/junit/runner/Description_formatDisplayName_6.java,949.374
/src/main/java/org/junit/runner/JUnitCommandLineParseResult_errorReport_8.java,515.71
/src/main/java/org/junit/runner/Result_getFailures_5.java,225.853
/src/main/java/org/junit/runner/JUnitCore_main_0.java,408.529
/src/main/java/org/junit/runner/JUnitCommandLineParseResult_JUnitCommandLineParseResult_0.java,75.799
/src/main/java/org/junit/runner/Result_readResolve_11.java,162.774
/src/main/java/org/junit/runner/Result_getAssumptionFailureCount_7.java,671.617
/src/main/java/org/junit/runner/Description_addChild_12.java,304.722
/src/main/java/org/junit/runner/Request_classes_4.java,961.371
/src/main/java/org/junit/runner/Description_isSuite_14.java,164.836
/src/main/java/org/junit/runner/Description_createTestDescription_5.java,803.703
/src/main/java/org/junit/runner/JUnitCommandLineParseResult_applyFilterSpecs_10.java,2240.46
/src/main/java/org/junit/runner/FilterFactoryParams_FilterFactoryParams_0.java,1887.6
/src/main/java/org/junit/runner/Description_getTestClass_24.java,2993.772
/src/main/java/org/junit/runner/Request_getRunner_7.java,122.042
/src/main/java/org/junit/runner/FilterFactory_createFilter_0.java,201.53
/src/main/java/org/junit/runner/Request_method_0.java,1928.847
/src/main/java/org/junit/runner/JUnitCommandLineParseResult_parseArgs_4.java,416.299
/src/main/java/org/junit/runner/Result_getIgnoreCount_6.java,186.028
/src/main/java/org/junit/runner/JUnitCore_run_8.java,355.242
/src/main/java/org/junit/runner/Description_getAnnotations_23.java,371.155
/src/main/java/org/junit/runner/JUnitCommandLineParseResult_getFilterSpecs_1.java,371.155
/src/main/java/org/junit/runner/notification/Failure_toString_4.java,471.757
/src/main/java/org/junit/runner/notification/RunListener_testRunFinished_1.java,90
/src/main/java/org/junit/runner/notification/RunListener_testFinished_5.java,90
/src/main/java/org/junit/runner/notification/RunNotifier_fireTestStarted_7.java,1166.921
/src/main/java/org/junit/runner/notification/RunListener_testSuiteStarted_2.java,90
/src/main/java/org/junit/runner/notification/SynchronizedRunListener_testSuiteFinished_4.java,390.766
/src/main/java/org/junit/runner/notification/RunNotifier_removeListener_1.java,859.9
/src/main/java/org/junit/runner/notification/RunNotifier_wrapIfNotThreadSafe_2.java,1336.759
/src/main/java/org/junit/runner/notification/RunListener_testAssumptionFailure_7.java,90
/src/main/java/org/junit/runner/notification/SynchronizedRunListener_testIgnored_9.java,390.766
/src/main/java/org/junit/runner/notification/SynchronizedRunListener_toString_12.java,390.635
/src/main/java/org/junit/runner/notification/RunListener_testIgnored_8.java,90
/src/main/java/org/junit/runner/notification/RunNotifier_fireTestRunFinished_4.java,938.233
/src/main/java/org/junit/runner/notification/SynchronizedRunListener_testFinished_6.java,390.766
/src/main/java/org/junit/runner/notification/RunListener_testFailure_6.java,299.736
/src/main/java/org/junit/runner/notification/SynchronizedRunListener_testStarted_5.java,390.766
/src/main/java/org/junit/runner/notification/RunListener_testRunStarted_0.java,90
/src/main/java/org/junit/runner/notification/RunNotifier_addListener_0.java,859.9
/src/main/java/org/junit/runner/notification/SynchronizedRunListener_testFailure_7.java,390.766
/src/main/java/org/junit/runner/notification/RunNotifier_addFirstListener_14.java,1019.503
/src/main/java/org/junit/runner/notification/Failure_getTestHeader_1.java,207.566
/src/main/java/org/junit/runner/notification/SynchronizedRunListener_testSuiteStarted_3.java,390.766
/src/main/java/org/junit/runner/notification/RunListener_testStarted_4.java,90
/src/main/java/org/junit/runner/notification/RunNotifier_fireTestFailure_8.java,355.242
/src/main/java/org/junit/runner/notification/RunNotifier_fireTestSuiteFinished_6.java,938.233
/src/main/java/org/junit/runner/notification/Failure_getException_3.java,122.042
/src/main/java/org/junit/runner/notification/Failure_getTrace_5.java,258.117
/src/main/java/org/junit/runner/notification/SynchronizedRunListener_testRunFinished_2.java,390.766
/src/main/java/org/junit/runner/notification/SynchronizedRunListener_testAssumptionFailure_8.java,390.766
/src/main/java/org/junit/runner/notification/SynchronizedRunListener_testRunStarted_1.java,390.766
/src/main/java/org/junit/runner/notification/RunNotifier_fireTestRunStarted_3.java,938.233
/src/main/java/org/junit/runner/notification/SynchronizedRunListener_SynchronizedRunListener_0.java,875.692
/src/main/java/org/junit/runner/notification/RunNotifier_pleaseStop_13.java,139.477
/src/main/java/org/junit/runner/notification/RunNotifier_fireTestIgnored_11.java,938.233
/src/main/java/org/junit/runner/notification/SynchronizedRunListener_hashCode_10.java,186.028
/src/main/java/org/junit/runner/notification/RunNotifier_fireTestAssumptionFailed_10.java,938.233
/src/main/java/org/junit/runner/notification/RunNotifier_fireTestFinished_12.java,938.233
/src/main/java/org/junit/runner/notification/Failure_getMessage_7.java,235.241
/src/main/java/org/junit/runner/notification/RunNotifier_fireTestSuiteStarted_5.java,938.233
/src/main/java/org/junit/runner/notification/Failure_getDescription_2.java,122.042
/src/main/java/org/junit/runner/notification/RunListener_testSuiteFinished_3.java,90
/src/main/java/org/junit/runner/notification/SynchronizedRunListener_equals_11.java,1950
/src/main/java/org/junit/runner/notification/Failure_Failure_0.java,613.333
/src/main/java/org/junit/runner/notification/Failure_getTrimmedTrace_6.java,258.117
/src/main/java/org/junit/runner/Computer_serial_0.java,273
/src/main/java/org/junit/runner/Request_filterWith_8.java,304.722
/src/main/java/org/junit/runner/Description_createSuiteDescription_7.java,1368.483
/src/main/java/org/junit/runner/Description_getDisplayName_11.java,122.042
/src/main/java/org/junit/runner/Description_testCount_16.java,1284.998
/src/main/java/org/junit/runner/JUnitCore_addListener_11.java,304.722
/src/main/java/org/junit/runner/Description_getChildren_13.java,537.744
/src/main/java/org/junit/runner/Result_getRunCount_2.java,186.028
/src/main/java/org/junit/runner/OrderWithValidator_validateAnnotatedClass_0.java,1450.83
/src/main/java/org/junit/runner/Description_Description_10.java,5018.611
/src/main/java/org/junit/runner/JUnitCore_runClasses_3.java,1015.862
/src/main/java/org/junit/runner/JUnitCore_defaultComputer_13.java,273
/src/main/java/org/junit/runner/JUnitCore_runMain_4.java,2603.333
/src/main/java/org/junit/runner/JUnitCore_runMain_1.java,1463.52
/src/main/java/org/junit/runner/Description_toString_19.java,144.232
/src/main/java/org/junit/runner/Request_classes_3.java,3011.202
/src/main/java/org/junit/runner/Request_orderWith_11.java,304.722
/src/main/java/org/junit/runner/Request_errorReport_5.java,796.158
/src/main/java/org/junit/runner/Request_filterWith_9.java,373.121
/src/main/java/org/junit/Assert_assertEquals_44.java,1880.636
/src/main/java/org/junit/Assert_failNotNull_53.java,2722.578
/src/main/java/org/junit/Assert_assertFalse_4.java,298.974
/src/main/java/org/junit/Assert_assertEquals_45.java,438.195
/src/main/java/org/junit/Assume_assumeNoException_9.java,487.341
/src/main/java/org/junit/experimental/ParallelComputer_classes_1.java,186.028
/src/main/java/org/junit/experimental/results/PrintableResult_testResult_1.java,476.617
/src/main/java/org/junit/experimental/results/FailureList_FailureList_0.java,628.214
/src/main/java/org/junit/experimental/results/ResultMatchers_failureCountIs_2.java,3806.882
/src/main/java/org/junit/experimental/results/ResultMatchers_isSuccessful_1.java,283.084
/src/main/java/org/junit/experimental/results/PrintableResult_PrintableResult_3.java,467.023
/src/main/java/org/junit/experimental/results/FailureList_result_1.java,1960.071
/src/main/java/org/junit/experimental/results/ResultMatchers_ResultMatchers_0.java,75.799
/src/main/java/org/junit/experimental/results/ResultMatchers_hasSingleFailureMatching_4.java,5066.711
/src/main/java/org/junit/experimental/results/ResultMatchers_hasFailureContaining_5.java,3893.618
/src/main/java/org/junit/experimental/results/PrintableResult_failureCount_4.java,249.079
/src/main/java/org/junit/experimental/results/PrintableResult_failures_5.java,342.662
/src/main/java/org/junit/experimental/results/ResultMatchers_hasSingleFailureContaining_3.java,3606.565
/src/main/java/org/junit/experimental/results/PrintableResult_PrintableResult_2.java,562.592
/src/main/java/org/junit/experimental/results/PrintableResult_testResult_0.java,629.469
/src/main/java/org/junit/experimental/results/PrintableResult_toString_6.java,885.191
/src/main/java/org/junit/experimental/ParallelComputer_ParallelComputer_0.java,1129.263
/src/main/java/org/junit/experimental/ParallelComputer_parallelize_3.java,5760.171
/src/main/java/org/junit/experimental/theories/ParameterSignature_getAnnotations_11.java,371.155
/src/main/java/org/junit/experimental/theories/PotentialAssignment_getValue_1.java,122.042
/src/main/java/org/junit/experimental/theories/ParameterSignature_getType_10.java,225.853
/src/main/java/org/junit/experimental/theories/ParameterSignature_putSymmetrically_1.java,2338.029
/src/main/java/org/junit/experimental/theories/Theories_validateParameterSupplier_7.java,13006.27
/src/main/java/org/junit/experimental/theories/ParameterSignature_ParameterSignature_5.java,1784.13
/src/main/java/org/junit/experimental/theories/Theories_collectInitializationErrors_2.java,870
/src/main/java/org/junit/experimental/theories/ParameterSignature_isAssignableViaTypeConversion_9.java,2783.631
/src/main/java/org/junit/experimental/theories/ParameterSignature_findDeepAnnotation_13.java,1177.69
/src/main/java/org/junit/experimental/theories/Theories_validateTestMethods_6.java,6709.102
/src/main/java/org/junit/experimental/theories/ParameterSignature_signatures_3.java,1048.631
/src/main/java/org/junit/experimental/theories/ParameterSignature_signatures_2.java,855.132
/src/main/java/org/junit/experimental/theories/Theories_methodBlock_9.java,355.242
/src/main/java/org/junit/experimental/theories/Theories_validateDataPointFields_3.java,12923.643
/src/main/java/org/junit/experimental/theories/ParameterSignature_buildConvertableTypesMap_0.java,14073.285
/src/main/java/org/junit/experimental/theories/Theories_Theories_1.java,232.989
/src/main/java/org/junit/experimental/theories/suppliers/TestedOnSupplier_getValueSources_0.java,5265.094
/src/main/java/org/junit/experimental/theories/PotentialAssignment_forValue_0.java,11329.178
/src/main/java/org/junit/experimental/theories/Theories_validateDataPointMethods_4.java,12923.643
/src/main/java/org/junit/experimental/theories/internal/AllMembersSupplier_addIterableValues_8.java,5850.127
/src/main/java/org/junit/experimental/theories/internal/Assignments_nextUnassigned_3.java,229.438
/src/main/java/org/junit/experimental/theories/internal/AllMembersSupplier_addSinglePointMethods_3.java,1987.581
/src/main/java/org/junit/experimental/theories/internal/AllMembersSupplier_getDataPointsFields_13.java,2725.77
/src/main/java/org/junit/experimental/theories/internal/ParameterizedAssertionError_hashCode_2.java,212.603
/src/main/java/org/junit/experimental/theories/internal/AllMembersSupplier_getStaticFieldValue_9.java,1181.696
/src/main/java/org/junit/experimental/theories/internal/ParameterizedAssertionError_join_3.java,745.714
/src/main/java/org/junit/experimental/theories/internal/Assignments_assignNext_4.java,2229.051
/src/main/java/org/junit/experimental/theories/internal/ParameterizedAssertionError_stringValueOf_5.java,660
/src/main/java/org/junit/experimental/theories/internal/AllMembersSupplier_addArrayValues_7.java,5265.766
/src/main/java/org/junit/experimental/theories/internal/SpecificDataPointsSupplier_getSingleDataPointMethods_3.java,6908.9
/src/main/java/org/junit/experimental/theories/internal/AllMembersSupplier_getSingleDataPointFields_12.java,2725.77
/src/main/java/org/junit/experimental/theories/internal/Assignments_isComplete_2.java,186.028
/src/main/java/org/junit/experimental/theories/internal/SpecificDataPointsSupplier_getDataPointsMethods_4.java,6908.9
/src/main/java/org/junit/experimental/theories/internal/EnumSupplier_getValueSources_1.java,4122.344
/src/main/java/org/junit/experimental/theories/internal/ParameterizedAssertionError_equals_1.java,740.15
/src/main/java/org/junit/experimental/theories/internal/AllMembersSupplier_getSingleDataPointMethods_14.java,479.541
/src/main/java/org/junit/experimental/theories/internal/AllMembersSupplier_addMultiPointMethods_2.java,10595.847
/src/main/java/org/junit/experimental/theories/internal/AllMembersSupplier_isAssignableToAnyOf_10.java,2365.091
/src/main/java/org/junit/experimental/theories/internal/SpecificDataPointsSupplier_getSingleDataPointFields_1.java,6908.9
/src/main/java/org/junit/experimental/theories/internal/ParameterizedAssertionError_join_4.java,5070.612
/src/main/java/org/junit/experimental/theories/internal/AllMembersSupplier_addMultiPointFields_4.java,2978.156
/src/main/java/org/junit/experimental/theories/internal/Assignments_getConstructorParameterCount_13.java,1261.402
/src/main/java/org/junit/experimental/theories/internal/Assignments_getActualValues_5.java,5432.515
/src/main/java/org/junit/experimental/theories/internal/SpecificDataPointsSupplier_getDataPointsFields_2.java,6908.9
/src/main/java/org/junit/experimental/theories/internal/EnumSupplier_EnumSupplier_0.java,822.389
/src/main/java/org/junit/experimental/theories/internal/BooleanSupplier_getValueSources_0.java,1507.443
/src/main/java/org/junit/experimental/theories/internal/Assignments_getAllArguments_12.java,484
/src/main/java/org/junit/experimental/theories/internal/Assignments_generateAssignmentsFromTypeAlone_7.java,4218.454
/src/main/java/org/junit/experimental/theories/internal/AllMembersSupplier_addSinglePointFields_5.java,3018.538
/src/main/java/org/junit/experimental/theories/internal/AllMembersSupplier_AllMembersSupplier_0.java,258.304
/src/main/java/org/junit/experimental/theories/internal/SpecificDataPointsSupplier_SpecificDataPointsSupplier_0.java,232.989
/src/main/java/org/junit/experimental/theories/internal/Assignments_getMethodArguments_11.java,528
/src/main/java/org/junit/experimental/theories/internal/AllMembersSupplier_getValueSources_1.java,3029.381
/src/main/java/org/junit/experimental/theories/internal/AllMembersSupplier_getDataPointsMethods_11.java,479.541
/src/main/java/org/junit/experimental/theories/ParameterSignature_getAnnotation_15.java,1594.566
/src/main/java/org/junit/experimental/theories/PotentialAssignment_getDescription_2.java,4195.142
/src/main/java/org/junit/experimental/theories/Theories_Theories_0.java,457.083
/src/main/java/org/junit/experimental/theories/Theories_validateConstructor_5.java,374.67
/src/main/java/org/junit/experimental/theories/Theories_computeTestMethods_8.java,2827.98
/src/main/java/org/junit/experimental/theories/ParameterSignature_canAcceptType_7.java,1214.282
/src/main/java/org/junit/experimental/theories/ParameterSignature_hasAnnotation_12.java,630
/src/main/java/org/junit/experimental/theories/ParameterSignature_canPotentiallyAcceptType_8.java,1564.653
/src/main/java/org/junit/experimental/theories/ParameterSignature_canAcceptValue_6.java,1067.501
/src/main/java/org/junit/experimental/max/MaxHistory_isNewTest_6.java,452.314
/src/main/java/org/junit/experimental/max/MaxHistory_putTestFailureTimestamp_5.java,586.034
/src/main/java/org/junit/experimental/max/MaxCore_run_4.java,355.242
/src/main/java/org/junit/experimental/max/MaxCore_sortRequest_6.java,1980.704
/src/main/java/org/junit/experimental/max/MaxCore_buildRunner_8.java,8306.19
/src/main/java/org/junit/experimental/max/MaxHistory_getTestDuration_7.java,390.888
/src/main/java/org/junit/experimental/max/MaxCore_MaxCore_2.java,390.635
/src/main/java/org/junit/experimental/max/MaxCore_run_5.java,965.362
/src/main/java/org/junit/experimental/max/MaxCore_findLeaves_12.java,6121.967
/src/main/java/org/junit/experimental/max/CouldNotReadCoreException_CouldNotReadCoreException_0.java,232.989
/src/main/java/org/junit/experimental/max/MaxHistory_putTestDuration_8.java,586.034
/src/main/java/org/junit/experimental/max/MaxCore_storedLocally_1.java,310.047
/src/main/java/org/junit/experimental/max/MaxCore_run_3.java,629.469
/src/main/java/org/junit/experimental/max/MaxCore_getMalformedTestClass_9.java,1311.073
/src/main/java/org/junit/experimental/max/MaxHistory_testComparator_10.java,258.117
/src/main/java/org/junit/experimental/max/MaxHistory_MaxHistory_2.java,258.304
/src/main/java/org/junit/experimental/max/MaxHistory_forFolder_0.java,1362.488
/src/main/java/org/junit/experimental/max/MaxCore_constructLeafRequest_7.java,5680.812
/src/main/java/org/junit/experimental/max/MaxHistory_getFailureTimestamp_4.java,390.888
/src/main/java/org/junit/experimental/max/MaxHistory_save_3.java,1650
/src/main/java/org/junit/experimental/max/MaxHistory_listener_9.java,144.232
/src/main/java/org/junit/experimental/max/MaxCore_sortedLeavesForTest_10.java,451.246
/src/main/java/org/junit/experimental/max/MaxCore_findLeaves_11.java,1976.543
/src/main/java/org/junit/experimental/max/MaxCore_forFolder_0.java,286.08
/src/main/java/org/junit/experimental/categories/Categories_createSet_6.java,7552.941
/src/main/java/org/junit/experimental/categories/Categories_hasAssignableTo_5.java,2277.951
/src/main/java/org/junit/experimental/categories/CategoryFilterFactory_parseCategories_2.java,4330.946
/src/main/java/org/junit/experimental/categories/IncludeCategories_createFilter_0.java,515.71
/src/main/java/org/junit/experimental/categories/CategoryValidator_validateAnnotatedMethod_0.java,5516.787
/src/main/java/org/junit/experimental/categories/CategoryValidator_addErrorMessage_1.java,2128.047
/src/main/java/org/junit/experimental/categories/Categories_getExcludedCategory_3.java,1846.205
/src/main/java/org/junit/experimental/categories/Categories_isAnyIncluded_2.java,1589.235
/src/main/java/org/junit/experimental/categories/CategoryFilterFactory_createFilter_0.java,719.393
/src/main/java/org/junit/experimental/categories/Categories_Categories_0.java,5757.947
/src/main/java/org/junit/experimental/categories/Categories_getIncludedCategory_1.java,1846.205
/src/main/java/org/junit/experimental/categories/Categories_nullableClassToSet_7.java,2319.368
/src/main/java/org/junit/experimental/categories/Categories_isAnyExcluded_4.java,1589.235
/src/main/java/org/junit/experimental/ParallelComputer_methods_2.java,186.028
/src/main/java/org/junit/experimental/runners/Enclosed_filterAbstractClasses_1.java,6292.82
/src/main/java/org/junit/experimental/runners/Enclosed_Enclosed_0.java,1163.409
/src/main/java/org/junit/matchers/JUnitMatchers_isThrowable_8.java,750.123
/src/main/java/org/junit/matchers/JUnitMatchers_hasItems_2.java,720
/src/main/java/org/junit/matchers/JUnitMatchers_either_7.java,749.368
/src/main/java/org/junit/matchers/JUnitMatchers_isException_9.java,750.123
/src/main/java/org/junit/matchers/JUnitMatchers_containsString_5.java,931.358
/src/main/java/org/junit/matchers/JUnitMatchers_hasItem_1.java,1198.989
/src/main/java/org/junit/matchers/JUnitMatchers_both_6.java,749.368
/src/main/java/org/junit/matchers/JUnitMatchers_everyItem_4.java,810
/src/main/java/org/junit/matchers/JUnitMatchers_hasItem_0.java,749.368
/src/main/java/org/junit/matchers/JUnitMatchers_hasItems_3.java,1045.369
/src/main/java/org/junit/Assume_assumeTrue_1.java,332.105
/src/main/java/org/junit/Assert_assertThat_66.java,1011.647
/src/main/java/org/junit/internal/TextListener_testFailure_4.java,229.438
/src/main/java/org/junit/internal/SerializableValueDescription_asSerializableValue_1.java,1161.476
/src/main/java/org/junit/internal/builders/IgnoredClassRunner_run_1.java,340.571
/src/main/java/org/junit/internal/builders/AnnotatedBuilder_AnnotatedBuilder_0.java,467.023
/src/main/java/org/junit/internal/builders/IgnoredClassRunner_getDescription_2.java,295.205
/src/main/java/org/junit/internal/builders/IgnoredBuilder_runnerForClass_0.java,1228.045
/src/main/java/org/junit/internal/builders/JUnit4Builder_runnerForClass_0.java,452.123
/src/main/java/org/junit/internal/builders/NullBuilder_runnerForClass_0.java,277.533
/src/main/java/org/junit/internal/builders/AnnotatedBuilder_runnerForClass_1.java,4157.94
/src/main/java/org/junit/internal/builders/AnnotatedBuilder_getEnclosingClassForNonStaticMemberClass_2.java,1867.073
/src/main/java/org/junit/internal/builders/IgnoredClassRunner_IgnoredClassRunner_0.java,474.65
/src/main/java/org/junit/internal/builders/SuiteMethodBuilder_runnerForClass_0.java,765.751
/src/main/java/org/junit/internal/builders/SuiteMethodBuilder_hasSuiteMethod_1.java,943.594
/src/main/java/org/junit/internal/ArrayComparisonFailure_ArrayComparisonFailure_0.java,1073.782
/src/main/java/org/junit/internal/ArrayComparisonFailure_addDimension_1.java,374.67
/src/main/java/org/junit/internal/AssumptionViolatedException_AssumptionViolatedException_3.java,338.837
/src/main/java/org/junit/internal/Throwables_isReflectionMethod_13.java,304.722
/src/main/java/org/junit/internal/ComparisonCriteria_objectWithToString_3.java,838.881
/src/main/java/org/junit/internal/ArrayComparisonFailure_toString_4.java,144.232
/src/main/java/org/junit/internal/TextListener_printFailures_8.java,8742.201
/src/main/java/org/junit/internal/TextListener_printFailure_9.java,1437.486
/src/main/java/org/junit/internal/SerializableValueDescription_toString_2.java,122.042
/src/main/java/org/junit/internal/Throwables_getFullStackTrace_9.java,1219.703
/src/main/java/org/junit/internal/Throwables_getStacktrace_3.java,1219.703
/src/main/java/org/junit/internal/ExactComparisonCriteria_assertElementsEqual_0.java,603.085
/src/main/java/org/junit/internal/Throwables_hasSuppressed_7.java,2314.392
/src/main/java/org/junit/internal/management/FakeThreadMXBean_isThreadCpuTimeSupported_1.java,105
/src/main/java/org/junit/internal/management/ReflectiveRuntimeMXBean_getInputArguments_1.java,2914.913
/src/main/java/org/junit/internal/management/ReflectiveThreadMXBean_getThreadCpuTime_1.java,5508.289
/src/main/java/org/junit/internal/management/ManagementFactory_getRuntimeMXBean_0.java,179.89
/src/main/java/org/junit/internal/management/ReflectiveRuntimeMXBean_ReflectiveRuntimeMXBean_0.java,560.428
/src/main/java/org/junit/internal/management/FakeRuntimeMXBean_getInputArguments_0.java,342.662
/src/main/java/org/junit/internal/management/FakeThreadMXBean_getThreadCpuTime_0.java,144.232
/src/main/java/org/junit/internal/management/ReflectiveThreadMXBean_ReflectiveThreadMXBean_0.java,560.428
/src/main/java/org/junit/internal/management/ReflectiveThreadMXBean_isThreadCpuTimeSupported_2.java,1815.21
/src/main/java/org/junit/internal/management/ManagementFactory_getThreadMXBean_1.java,179.89
/src/main/java/org/junit/internal/Classes_getClass_1.java,689.419
/src/main/java/org/junit/internal/TextListener_printFooter_10.java,11876.311
/src/main/java/org/junit/internal/ComparisonCriteria_componentTypeName_4.java,2446.342
/src/main/java/org/junit/internal/Classes_Classes_0.java,75.799
/src/main/java/org/junit/internal/Throwables_isMatchingMethod_14.java,1716.734
/src/main/java/org/junit/internal/ArrayComparisonFailure_getCause_2.java,642.174
/src/main/java/org/junit/internal/AssumptionViolatedException_AssumptionViolatedException_1.java,773.564
/src/main/java/org/junit/internal/AssumptionViolatedException_AssumptionViolatedException_4.java,518.062
/src/main/java/org/junit/internal/Checks_notNull_1.java,664.211
/src/main/java/org/junit/internal/MethodSorter_getSorter_2.java,973.082
/src/main/java/org/junit/internal/TextListener_testIgnored_5.java,229.438
/src/main/java/org/junit/internal/Throwables_Throwables_0.java,75.799
/src/main/java/org/junit/internal/SerializableValueDescription_SerializableValueDescription_0.java,499.559
/src/main/java/org/junit/internal/TextListener_elapsedTimeAsString_11.java,512.779
/src/main/java/org/junit/internal/RealSystem_out_1.java,179.89
/src/main/java/org/junit/internal/requests/SortingRequest_getRunner_1.java,771.429
/src/main/java/org/junit/internal/requests/FilterRequest_getRunner_1.java,2115.236
/src/main/java/org/junit/internal/requests/ClassRequest_ClassRequest_0.java,1162.372
/src/main/java/org/junit/internal/requests/SortingRequest_SortingRequest_0.java,1147.76
/src/main/java/org/junit/internal/requests/OrderingRequest_OrderingRequest_0.java,875.692
/src/main/java/org/junit/internal/requests/ClassRequest_createRunner_2.java,258.117
/src/main/java/org/junit/internal/requests/MemoizingRequest_getRunner_0.java,1377.179
/src/main/java/org/junit/internal/requests/ClassRequest_ClassRequest_1.java,549.515
/src/main/java/org/junit/internal/requests/FilterRequest_FilterRequest_0.java,718.868
/src/main/java/org/junit/internal/requests/OrderingRequest_createRunner_1.java,1491.065
/src/main/java/org/junit/internal/InexactComparisonCriteria_InexactComparisonCriteria_0.java,259.11
/src/main/java/org/junit/internal/Throwables_getCauseStackTraceLines_8.java,11491.949
/src/main/java/org/junit/internal/Throwables_getTrimmedStackTraceLines_5.java,17444.393
/src/main/java/org/junit/internal/Throwables_rethrow_2.java,232.535
/src/main/java/org/junit/internal/AssumptionViolatedException_getMessage_5.java,207.566
/src/main/java/org/junit/internal/TextListener_getWriter_6.java,122.042
/src/main/java/org/junit/internal/ComparisonCriteria_isArray_5.java,805.796
/src/main/java/org/junit/internal/Throwables_initGetSuppressed_6.java,582.685
/src/main/java/org/junit/internal/MethodSorter_getDeclaredMethods_0.java,3955.144
/src/main/java/org/junit/internal/matchers/ThrowableCauseMatcher_matchesSafely_2.java,373.004
/src/main/java/org/junit/internal/matchers/ThrowableMessageMatcher_matchesSafely_2.java,373.004
/src/main/java/org/junit/internal/matchers/StacktracePrintingMatcher_describeMismatchSafely_3.java,1336.654
/src/main/java/org/junit/internal/matchers/ThrowableMessageMatcher_hasMessage_4.java,685.324
/src/main/java/org/junit/internal/matchers/StacktracePrintingMatcher_describeTo_1.java,304.722
/src/main/java/org/junit/internal/matchers/StacktracePrintingMatcher_matchesSafely_2.java,304.722
/src/main/java/org/junit/internal/matchers/StacktracePrintingMatcher_StacktracePrintingMatcher_0.java,628.214
/src/main/java/org/junit/internal/matchers/ThrowableCauseMatcher_hasCause_4.java,832.859
/src/main/java/org/junit/internal/matchers/ThrowableCauseMatcher_describeMismatchSafely_3.java,936.668
/src/main/java/org/junit/internal/matchers/ThrowableCauseMatcher_ThrowableCauseMatcher_0.java,822.389
/src/main/java/org/junit/internal/matchers/ThrowableMessageMatcher_ThrowableMessageMatcher_0.java,628.214
/src/main/java/org/junit/internal/matchers/ThrowableCauseMatcher_describeTo_1.java,580.452
/src/main/java/org/junit/internal/matchers/ThrowableMessageMatcher_describeTo_1.java,580.452
/src/main/java/org/junit/internal/matchers/StacktracePrintingMatcher_readStacktrace_4.java,319.718
/src/main/java/org/junit/internal/matchers/ThrowableMessageMatcher_describeMismatchSafely_3.java,936.668
/src/main/java/org/junit/internal/AssumptionViolatedException_describeTo_6.java,4384.375
/src/main/java/org/junit/internal/Throwables_isTestFrameworkMethod_12.java,812.633
/src/main/java/org/junit/internal/Checks_notNull_2.java,863.508
/src/main/java/org/junit/internal/Checks_Checks_0.java,75.799
/src/main/java/org/junit/internal/TextListener_TextListener_0.java,332.105
/src/main/java/org/junit/internal/AssumptionViolatedException_AssumptionViolatedException_2.java,944.204
/src/main/java/org/junit/internal/MethodSorter_MethodSorter_1.java,75.799
/src/main/java/org/junit/internal/Throwables_rethrowAsException_1.java,601.661
/src/main/java/org/junit/internal/TextListener_testRunFinished_2.java,662.48
/src/main/java/org/junit/internal/Classes_getClass_2.java,2348.96
/src/main/java/org/junit/internal/Throwables_asReversedList_11.java,4046.377
/src/main/java/org/junit/internal/InexactComparisonCriteria_assertElementsEqual_2.java,3085.524
/src/main/java/org/junit/internal/ArrayComparisonFailure_getMessage_3.java,6654.413
/src/main/java/org/junit/internal/AssumptionViolatedException_AssumptionViolatedException_0.java,2585.242
/src/main/java/org/junit/internal/Throwables_getTrimmedStackTrace_4.java,3956.565
/src/main/java/org/junit/internal/runners/JUnit4ClassRunner_testAnnotations_14.java,452.123
/src/main/java/org/junit/internal/runners/ClassRoadie_runAfters_5.java,2700.543
/src/main/java/org/junit/internal/runners/TestMethod_expectsException_5.java,209.281
/src/main/java/org/junit/internal/runners/ErrorReportingRunner_ErrorReportingRunner_1.java,5103.166
/src/main/java/org/junit/internal/runners/TestMethod_isUnexpected_4.java,493.433
/src/main/java/org/junit/internal/runners/MethodValidator_validateInstanceMethods_1.java,3043.382
/src/main/java/org/junit/internal/runners/ErrorReportingRunner_runCause_7.java,1653.109
/src/main/java/org/junit/internal/runners/JUnit4ClassRunner_methodDescription_13.java,859.9
/src/main/java/org/junit/internal/runners/MethodRoadie_runWithTimeout_2.java,10425.147
/src/main/java/org/junit/internal/runners/JUnit4ClassRunner_validate_2.java,767.563
/src/main/java/org/junit/internal/runners/TestClass_getName_11.java,207.566
/src/main/java/org/junit/internal/runners/ErrorReportingRunner_getDescription_2.java,1893.967
/src/main/java/org/junit/internal/runners/MethodValidator_assertValid_4.java,494.725
/src/main/java/org/junit/internal/runners/MethodRoadie_run_1.java,2435.965
/src/main/java/org/junit/internal/runners/JUnit38ClassRunner_createAdaptingListener_3.java,242.16
/src/main/java/org/junit/internal/runners/MethodRoadie_MethodRoadie_0.java,1434.856
/src/main/java/org/junit/internal/runners/JUnit4ClassRunner_runMethods_4.java,586.034
/src/main/java/org/junit/internal/runners/InitializationError_InitializationError_2.java,263.54
/src/main/java/org/junit/internal/runners/TestClass_TestClass_0.java,822.389
/src/main/java/org/junit/internal/runners/SuiteMethod_testFromSuiteMethod_1.java,5475.556
/src/main/java/org/junit/internal/runners/TestClass_getAfters_3.java,371.155
/src/main/java/org/junit/internal/runners/rules/ValidationError_ValidationError_0.java,1870.665
/src/main/java/org/junit/internal/runners/JUnit38ClassRunner_setTest_11.java,467.023
/src/main/java/org/junit/internal/runners/JUnit38ClassRunner_getDescription_4.java,186.028
/src/main/java/org/junit/internal/runners/JUnit4ClassRunner_filter_15.java,3096.383
/src/main/java/org/junit/internal/runners/MethodValidator_MethodValidator_0.java,467.023
/src/main/java/org/junit/internal/runners/TestMethod_getAfters_7.java,420
/src/main/java/org/junit/internal/runners/TestMethod_invoke_8.java,304.722
/src/main/java/org/junit/internal/runners/MethodValidator_validateMethodsForDefaultRunner_3.java,457.106
/src/main/java/org/junit/internal/runners/model/EachTestNotifier_addFailedAssumption_3.java,451.246
/src/main/java/org/junit/internal/runners/model/EachTestNotifier_addMultipleFailureException_2.java,632.916
/src/main/java/org/junit/internal/runners/model/EachTestNotifier_EachTestNotifier_0.java,875.692
/src/main/java/org/junit/internal/runners/model/EachTestNotifier_addFailure_1.java,1048.434
/src/main/java/org/junit/internal/runners/model/EachTestNotifier_fireTestStarted_5.java,207.566
/src/main/java/org/junit/internal/runners/model/EachTestNotifier_fireTestSuiteStarted_7.java,207.566
/src/main/java/org/junit/internal/runners/model/EachTestNotifier_fireTestIgnored_6.java,207.566
/src/main/java/org/junit/internal/runners/model/EachTestNotifier_fireTestSuiteFinished_8.java,207.566
/src/main/java/org/junit/internal/runners/model/ReflectiveCallable_run_0.java,479.577
/src/main/java/org/junit/internal/runners/model/EachTestNotifier_fireTestFinished_4.java,207.566
/src/main/java/org/junit/internal/runners/ClassRoadie_addFailure_2.java,451.246
/src/main/java/org/junit/internal/runners/MethodRoadie_runBeforesThenTestThenAfters_4.java,1016.413
/src/main/java/org/junit/internal/runners/TestMethod_isIgnored_1.java,361.699
/src/main/java/org/junit/internal/runners/MethodRoadie_runBefores_6.java,3324.617
/src/main/java/org/junit/internal/runners/JUnit4ClassRunner_JUnit4ClassRunner_0.java,786.329
/src/main/java/org/junit/internal/runners/JUnit4ClassRunner_getDescription_5.java,2779.738
/src/main/java/org/junit/internal/runners/statements/FailOnTimeout_getThreadsInGroup_9.java,7324.198
/src/main/java/org/junit/internal/runners/statements/RunAfters_invokeMethod_2.java,304.722
/src/main/java/org/junit/internal/runners/statements/RunAfters_RunAfters_0.java,1609.358
/src/main/java/org/junit/internal/runners/statements/InvokeMethod_evaluate_1.java,207.566
/src/main/java/org/junit/internal/runners/statements/FailOnTimeout_FailOnTimeout_2.java,1238.979
/src/main/java/org/junit/internal/runners/statements/FailOnTimeout_threadGroupForNewThread_4.java,1840.769
/src/main/java/org/junit/internal/runners/statements/Fail_Fail_0.java,258.304
/src/main/java/org/junit/internal/runners/statements/FailOnTimeout_getStackTrace_7.java,840.849
/src/main/java/org/junit/internal/runners/statements/FailOnTimeout_evaluate_3.java,5386.467
/src/main/java/org/junit/internal/runners/statements/FailOnTimeout_cpuTime_10.java,1210.632
/src/main/java/org/junit/internal/runners/statements/ExpectException_evaluate_1.java,8207.278
/src/main/java/org/junit/internal/runners/statements/FailOnTimeout_FailOnTimeout_1.java,671.143
/src/main/java/org/junit/internal/runners/statements/FailOnTimeout_createTimeoutException_6.java,10366.863
/src/main/java/org/junit/internal/runners/statements/ExpectException_ExpectException_0.java,1317.279
/src/main/java/org/junit/internal/runners/statements/FailOnTimeout_getStuckThread_8.java,8114.77
/src/main/java/org/junit/internal/runners/statements/Fail_evaluate_1.java,105
/src/main/java/org/junit/internal/runners/statements/RunAfters_evaluate_1.java,3978.586
/src/main/java/org/junit/internal/runners/statements/FailOnTimeout_getResult_5.java,3188.465
/src/main/java/org/junit/internal/runners/statements/FailOnTimeout_builder_0.java,273
/src/main/java/org/junit/internal/runners/statements/InvokeMethod_InvokeMethod_0.java,875.692
/src/main/java/org/junit/internal/runners/ClassRoadie_runBefores_4.java,3323.882
/src/main/java/org/junit/internal/runners/SuiteMethod_SuiteMethod_0.java,493.392
/src/main/java/org/junit/internal/runners/JUnit38ClassRunner_filter_8.java,8737.143
/src/main/java/org/junit/internal/runners/TestMethod_TestMethod_0.java,875.692
/src/main/java/org/junit/internal/runners/TestClass_getJavaClass_10.java,225.853
/src/main/java/org/junit/internal/runners/JUnit4ClassRunner_invokeTestMethod_9.java,3907.112
/src/main/java/org/junit/internal/runners/TestClass_isShadowed_7.java,11301.933
/src/main/java/org/junit/internal/runners/InitializationError_InitializationError_1.java,394.346
/src/main/java/org/junit/internal/runners/JUnit38ClassRunner_makeDescription_5.java,19057.416
/src/main/java/org/junit/internal/runners/JUnit4ClassRunner_run_3.java,942.671
/src/main/java/org/junit/internal/runners/TestMethod_getTimeout_2.java,1203.429
/src/main/java/org/junit/internal/runners/ErrorReportingRunner_run_3.java,586.034
/src/main/java/org/junit/internal/runners/JUnit38ClassRunner_getTest_12.java,122.042
/src/main/java/org/junit/internal/runners/JUnit38ClassRunner_run_2.java,993.253
/src/main/java/org/junit/internal/runners/ClassRoadie_runProtected_3.java,376.421
/src/main/java/org/junit/internal/runners/MethodRoadie_runAfters_7.java,2700.581
/src/main/java/org/junit/internal/runners/TestClass_runsTopToBottom_5.java,1321.712
/src/main/java/org/junit/internal/runners/ErrorReportingRunner_getCauses_5.java,5454.372
/src/main/java/org/junit/internal/runners/JUnit38ClassRunner_order_10.java,1128.115
/src/main/java/org/junit/internal/runners/TestClass_getBefores_2.java,371.155
/src/main/java/org/junit/internal/runners/JUnit4ClassRunner_sort_16.java,2139.234
/src/main/java/org/junit/internal/runners/JUnit4ClassRunner_createTest_8.java,301.137
/src/main/java/org/junit/internal/runners/TestMethod_getExpectedException_3.java,2560.457
/src/main/java/org/junit/internal/runners/TestClass_getAnnotatedMethods_4.java,10419.793
/src/main/java/org/junit/internal/runners/MethodRoadie_runTest_3.java,359.781
/src/main/java/org/junit/internal/runners/ErrorReportingRunner_ErrorReportingRunner_0.java,709.101
/src/main/java/org/junit/internal/runners/MethodValidator_validateStaticMethods_2.java,599.471
/src/main/java/org/junit/internal/runners/InitializationError_InitializationError_0.java,483.478
/src/main/java/org/junit/internal/runners/ClassRoadie_runUnprotected_1.java,186.028
/src/main/java/org/junit/internal/runners/JUnit38ClassRunner_JUnit38ClassRunner_0.java,708.153
/src/main/java/org/junit/internal/runners/TestClass_getSuperClasses_8.java,4365.964
/src/main/java/org/junit/internal/runners/JUnit4ClassRunner_getTestMethods_1.java,342.662
/src/main/java/org/junit/internal/runners/JUnit4ClassRunner_getTestClass_17.java,122.042
/src/main/java/org/junit/internal/runners/ErrorReportingRunner_describeCause_6.java,479.727
/src/main/java/org/junit/internal/runners/ErrorReportingRunner_getClassNames_4.java,4298.784
/src/main/java/org/junit/internal/runners/MethodRoadie_addFailure_8.java,451.246
/src/main/java/org/junit/internal/runners/TestClass_getTestMethods_1.java,371.155
/src/main/java/org/junit/internal/runners/TestMethod_getBefores_6.java,420
/src/main/java/org/junit/internal/runners/MethodValidator_validateNoArgConstructor_5.java,910.482
/src/main/java/org/junit/internal/runners/MethodRoadie_runTestMethod_5.java,10206.724
/src/main/java/org/junit/internal/runners/JUnit38ClassRunner_sort_9.java,1128.115
/src/main/java/org/junit/internal/runners/JUnit38ClassRunner_getAnnotations_6.java,1955.31
/src/main/java/org/junit/internal/runners/JUnit4ClassRunner_testName_12.java,304.722
/src/main/java/org/junit/internal/runners/TestClass_isShadowed_6.java,1483.749
/src/main/java/org/junit/internal/runners/JUnit38ClassRunner_createSuiteDescription_7.java,3651.923
/src/main/java/org/junit/internal/runners/JUnit4ClassRunner_getName_7.java,235.241
/src/main/java/org/junit/internal/runners/InitializationError_getCauses_3.java,225.853
/src/main/java/org/junit/internal/runners/JUnit4ClassRunner_classAnnotations_6.java,399.772
/src/main/java/org/junit/internal/runners/JUnit4ClassRunner_wrapMethod_11.java,387.176
/src/main/java/org/junit/internal/runners/TestClass_getConstructor_9.java,444.053
/src/main/java/org/junit/internal/runners/JUnit38ClassRunner_JUnit38ClassRunner_1.java,279.042
/src/main/java/org/junit/internal/AssumptionViolatedException_writeObject_7.java,4402.256
/src/main/java/org/junit/internal/ComparisonCriteria_getToStringableArrayElement_2.java,4164.371
/src/main/java/org/junit/internal/TextListener_TextListener_1.java,467.023
/src/main/java/org/junit/internal/TextListener_testStarted_3.java,229.438
/src/main/java/org/junit/internal/InexactComparisonCriteria_InexactComparisonCriteria_1.java,259.11
/src/main/java/org/junit/internal/TextListener_printHeader_7.java,966.955
/src/main/java/org/junit/internal/RealSystem_exit_0.java,295.205
/src/main/java/org/junit/Assert_doubleIsDifferent_41.java,2022.662
/src/main/java/org/junit/Assert_formatClass_62.java,1771.74
/src/main/java/org/junit/Assert_assertEquals_47.java,577.179
/src/main/java/org/junit/Assert_assertEquals_65.java,799.545
/src/main/java/org/junit/AssumptionViolatedException_AssumptionViolatedException_2.java,232.989
/src/main/java/org/junit/internal/AssumptionViolatedException_AssumptionViolatedException_2.java,944.204
/src/main/java/org/junit/Assume_assumeThat_7.java,1769.83
/src/main/java/org/junit/Assert_assertArrayEquals_28.java,709.251
/src/main/java/org/junit/Assume_assumeFalse_4.java,499.559
/src/main/java/org/junit/Assume_assumeFalse_2.java,332.105
/src/main/java/org/junit/Assert_assertSame_54.java,1195.509
/src/main/java/org/junit/Assert_assertArrayEquals_36.java,899.488
/src/main/java/org/junit/Assert_failEquals_13.java,2604.205
/src/main/java/org/junit/Assert_assertNull_51.java,767.563
/src/main/java/org/junit/Assert_formatClassAndValue_63.java,2801.412
/src/main/java/org/junit/ComparisonFailure_getExpected_3.java,122.042
/src/main/java/org/junit/AssumptionViolatedException_AssumptionViolatedException_0.java,732.916
/src/main/java/org/junit/internal/AssumptionViolatedException_AssumptionViolatedException_0.java,2585.242
/src/main/java/org/junit/Assert_assertArrayEquals_30.java,709.251
/src/main/java/org/junit/runners/ParentRunner_getFilteredChildren_31.java,2210.434
/src/main/java/org/junit/runners/BlockJUnit4ClassRunner_validateConstructor_10.java,551.686
/src/main/java/org/junit/runners/BlockJUnit4ClassRunner_testName_20.java,304.722
/src/main/java/org/junit/runners/ParentRunner_childrenInvoker_16.java,699.383
/src/main/java/org/junit/runners/Suite_getAnnotatedClasses_1.java,3129.588
/src/main/java/org/junit/runners/ParentRunner_run_25.java,3608.121
/src/main/java/org/junit/runners/ParentRunner_applyValidators_7.java,1834.757
/src/main/java/org/junit/runners/ParentRunner_validateClassRules_9.java,1261.402
/src/main/java/org/junit/runners/ParentRunner_order_28.java,16592.433
/src/main/java/org/junit/runners/BlockJUnit4ClassRunner_hasOneConstructor_13.java,428.327
/src/main/java/org/junit/runners/ParentRunner_validate_30.java,1967.848
/src/main/java/org/junit/runners/BlockJUnit4ClassRunner_createTest_18.java,301.137
/src/main/java/org/junit/runners/parameterized/BlockJUnit4ClassRunnerWithParameters_validateFields_7.java,29680.966
/src/main/java/org/junit/runners/parameterized/BlockJUnit4ClassRunnerWithParameters_testName_5.java,524.537
/src/main/java/org/junit/runners/parameterized/TestWithParameters_equals_5.java,4738.274
/src/main/java/org/junit/runners/parameterized/BlockJUnit4ClassRunnerWithParameters_getRunnerAnnotations_11.java,5338.937
/src/main/java/org/junit/runners/parameterized/BlockJUnit4ClassRunnerWithParameters_withAfterParams_10.java,2097.571
/src/main/java/org/junit/runners/parameterized/BlockJUnit4ClassRunnerWithParameters_getInjectionType_13.java,559.254
/src/main/java/org/junit/runners/parameterized/BlockJUnit4ClassRunnerWithParameters_withBeforeParams_9.java,2097.571
/src/main/java/org/junit/runners/parameterized/BlockJUnit4ClassRunnerWithParameters_createTestUsingConstructorInjection_2.java,325.639
/src/main/java/org/junit/runners/parameterized/BlockJUnit4ClassRunnerWithParameters_validateConstructor_6.java,1134.506
/src/main/java/org/junit/runners/parameterized/BlockJUnit4ClassRunnerWithParameters_getAnnotatedFieldsByParameter_12.java,460
/src/main/java/org/junit/runners/parameterized/BlockJUnit4ClassRunnerWithParameters_createTestUsingFieldInjection_3.java,28794.383
/src/main/java/org/junit/runners/parameterized/TestWithParameters_toString_6.java,682.862
/src/main/java/org/junit/runners/parameterized/TestWithParameters_getName_1.java,122.042
/src/main/java/org/junit/runners/parameterized/TestWithParameters_getParameters_3.java,225.853
/src/main/java/org/junit/runners/parameterized/BlockJUnit4ClassRunnerWithParameters_getName_4.java,122.042
/src/main/java/org/junit/runners/parameterized/TestWithParameters_getTestClass_2.java,122.042
/src/main/java/org/junit/runners/parameterized/BlockJUnit4ClassRunnerWithParameters_fieldsAreAnnotated_14.java,264.647
/src/main/java/org/junit/runners/parameterized/BlockJUnit4ClassRunnerWithParameters_classBlock_8.java,1093.929
/src/main/java/org/junit/runners/parameterized/BlockJUnit4ClassRunnerWithParameters_createTest_1.java,1484.619
/src/main/java/org/junit/runners/parameterized/TestWithParameters_hashCode_4.java,2162.404
/src/main/java/org/junit/runners/BlockJUnit4ClassRunner_validateZeroArgConstructor_12.java,2644.563
/src/main/java/org/junit/runners/BlockJUnit4ClassRunner_getChildren_5.java,258.117
/src/main/java/org/junit/runners/BlockJUnit4ClassRunner_validateOnlyOneConstructor_11.java,1321.776
/src/main/java/org/junit/runners/ParentRunner_withInterruptIsolation_17.java,1200
/src/main/java/org/junit/runners/ParentRunner_getTestClass_21.java,122.042
/src/main/java/org/junit/runners/BlockJUnit4ClassRunner_withRules_27.java,9086.901
/src/main/java/org/junit/runners/RuleContainer_getSortedRules_5.java,2020.466
/src/main/java/org/junit/runners/Suite_Suite_2.java,950.4
/src/main/java/org/junit/runners/ParentRunner_classRules_15.java,3202.764
/src/main/java/org/junit/runners/BlockJUnit4ClassRunner_methodInvoker_22.java,426.424
/src/main/java/org/junit/runners/BlockJUnit4ClassRunner_isIgnored_3.java,492.268
/src/main/java/org/junit/runners/JUnit4_JUnit4_0.java,493.392
/src/main/java/org/junit/runners/BlockJUnit4ClassRunner_validateInstanceMethods_14.java,2337.021
/src/main/java/org/junit/runners/BlockJUnit4ClassRunner_getExpectedException_30.java,1898.253
/src/main/java/org/junit/runners/ParentRunner_filter_26.java,7036.513
/src/main/java/org/junit/runners/ParentRunner_getName_20.java,207.566
/src/main/java/org/junit/runners/model/FrameworkMethod_getAnnotations_17.java,314.537
/src/main/java/org/junit/runners/model/FrameworkField_toString_11.java,207.566
/src/main/java/org/junit/runners/model/FrameworkField_getField_7.java,122.042
/src/main/java/org/junit/runners/model/FrameworkField_getAnnotation_3.java,574.313
/src/main/java/org/junit/runners/model/FrameworkMethod_getAnnotation_18.java,574.313
/src/main/java/org/junit/runners/model/RunnerBuilder_safeRunnerForClass_1.java,2628.092
/src/main/java/org/junit/runners/model/TestClass_runsTopToBottom_11.java,1321.712
/src/main/java/org/junit/runners/model/InitializationError_InitializationError_2.java,263.54
/src/main/java/org/junit/runners/model/FrameworkMethod_validatePublicVoidNoArg_4.java,2892.766
/src/main/java/org/junit/runners/model/TestClass_TestClass_0.java,11837.512
/src/main/java/org/junit/runners/model/FrameworkField_isBridgeMethod_5.java,105
/src/main/java/org/junit/runners/model/TestClass_equals_25.java,2613.333
/src/main/java/org/junit/runners/model/MultipleFailureException_MultipleFailureException_0.java,3928.225
/src/main/java/org/junit/runners/model/FrameworkMethod_getName_3.java,207.566
/src/main/java/org/junit/runners/model/FrameworkMethod_validatePublicVoid_5.java,14358.33
/src/main/java/org/junit/runners/model/TestClass_scanAnnotatedMembers_1.java,5362.5
/src/main/java/org/junit/runners/model/MultipleFailureException_assertEmpty_6.java,2026.771
/src/main/java/org/junit/runners/model/FrameworkMethod_validateNoTypeParametersOnArgs_10.java,536.667
/src/main/java/org/junit/runners/model/FrameworkField_getAnnotations_2.java,314.537
/src/main/java/org/junit/runners/model/TestClass_getName_14.java,623.645
/src/main/java/org/junit/runners/model/FrameworkMember_isPublic_5.java,235.241
/src/main/java/org/junit/runners/model/TestClass_getAnnotatedMethods_5.java,1322.51
/src/main/java/org/junit/runners/model/TestClass_isPublic_22.java,272.457
/src/main/java/org/junit/runners/model/FrameworkMember_handlePossibleBridgeMethod_1.java,6925.675
/src/main/java/org/junit/runners/model/TestClass_getSuperClasses_12.java,4365.964
/src/main/java/org/junit/runners/model/FrameworkField_getDeclaringClass_9.java,444.053
/src/main/java/org/junit/runners/model/FrameworkMethod_getReturnType_7.java,444.053
/src/main/java/org/junit/runners/model/FrameworkMethod_getDeclaringClass_9.java,444.053
/src/main/java/org/junit/runners/model/FrameworkMethod_isBridgeMethod_12.java,186.028
/src/main/java/org/junit/runners/model/NoGenericTypeParametersValidator_NoGenericTypeParametersValidator_0.java,467.023
/src/main/java/org/junit/runners/model/FrameworkMember_isStatic_4.java,235.241
/src/main/java/org/junit/runners/model/MultipleFailureException_getMessage_2.java,3386.669
/src/main/java/org/junit/runners/model/TestClass_getAnnotatedFields_7.java,283.084
/src/main/java/org/junit/runners/model/InitializationError_InitializationError_1.java,340.571
/src/main/java/org/junit/runners/model/RunnerBuilder_runners_7.java,5290.815
/src/main/java/org/junit/runners/model/FrameworkMethod_producesType_15.java,1777.827
/src/main/java/org/junit/runners/model/MultipleFailureException_printStackTrace_4.java,586.034
/src/main/java/org/junit/runners/model/FrameworkMethod_getType_8.java,258.117
/src/main/java/org/junit/runners/model/MultipleFailureException_printStackTrace_5.java,586.034
/src/main/java/org/junit/runners/model/FrameworkField_getModifiers_6.java,186.028
/src/main/java/org/junit/runners/model/FrameworkField_getName_1.java,235.241
/src/main/java/org/junit/runners/model/FrameworkMethod_getParameterTypes_16.java,625.102
/src/main/java/org/junit/runners/model/TestClass_hashCode_24.java,614.253
/src/main/java/org/junit/runners/model/TestClass_isANonStaticInnerClass_23.java,594.899
/src/main/java/org/junit/runners/model/TestClass_getSortedDeclaredFields_2.java,1933.823
/src/main/java/org/junit/runners/model/FrameworkField_isShadowedBy_4.java,494.725
/src/main/java/org/junit/runners/model/FrameworkField_FrameworkField_0.java,1459.474
/src/main/java/org/junit/runners/model/TestClass_collectValues_9.java,4589.547
/src/main/java/org/junit/runners/model/FrameworkMethod_FrameworkMethod_0.java,1459.474
/src/main/java/org/junit/runners/model/FrameworkMethod_getMethod_1.java,122.042
/src/main/java/org/junit/runners/model/RunnerBuilder_runnerForClass_0.java,277.533
/src/main/java/org/junit/runners/model/MultipleFailureException_getFailures_1.java,371.155
/src/main/java/org/junit/runners/model/FrameworkField_getType_8.java,444.053
/src/main/java/org/junit/runners/model/InitializationError_InitializationError_0.java,483.478
/src/main/java/org/junit/runners/model/TestClass_getOnlyConstructor_15.java,1752.373
/src/main/java/org/junit/runners/model/FrameworkMethod_hashCode_14.java,186.028
/src/main/java/org/junit/runners/model/FrameworkMethod_isShadowedBy_11.java,8709.27
/src/main/java/org/junit/runners/model/TestClass_getAnnotations_16.java,934.724
/src/main/java/org/junit/runners/model/RunnerBuilder_removeParent_4.java,537.197
/src/main/java/org/junit/runners/model/RunnerBuilder_addParent_3.java,1894.961
/src/main/java/org/junit/runners/model/FrameworkMethod_toString_19.java,207.566
/src/main/java/org/junit/runners/model/FrameworkField_get_10.java,387.176
/src/main/java/org/junit/runners/model/RunnerBuilder_configureRunner_2.java,2559.594
/src/main/java/org/junit/runners/model/FrameworkMethod_getModifiers_6.java,186.028
/src/main/java/org/junit/runners/model/MultipleFailureException_printStackTrace_3.java,457.929
/src/main/java/org/junit/runners/model/NoGenericTypeParametersValidator_validate_1.java,1037.263
/src/main/java/org/junit/runners/model/TestClass_getAnnotation_17.java,1020.8
/src/main/java/org/junit/runners/model/InitializationError_getCauses_3.java,225.853
/src/main/java/org/junit/runners/model/FrameworkMethod_equals_13.java,1074.857
/src/main/java/org/junit/runners/model/TestClass_getJavaClass_13.java,225.853
/src/main/java/org/junit/runners/model/NoGenericTypeParametersValidator_validateNoTypeParameterOnType_2.java,6139.079
/src/main/java/org/junit/runners/BlockJUnit4ClassRunner_BlockJUnit4ClassRunner_1.java,232.989
/src/main/java/org/junit/runners/Suite_emptySuite_0.java,1487.964
/src/main/java/org/junit/runners/BlockJUnit4ClassRunner_methodBlock_21.java,9856.243
/src/main/java/org/junit/runners/BlockJUnit4ClassRunner_getTestRules_29.java,4270.893
/src/main/java/org/junit/runners/RuleContainer_add_1.java,304.722
/src/main/java/org/junit/runners/ParentRunner_collectInitializationErrors_6.java,1703.56
/src/main/java/org/junit/runners/BlockJUnit4ClassRunner_describeChild_4.java,2777.854
/src/main/java/org/junit/runners/ParentRunner_withClassRules_14.java,2185.121
/src/main/java/org/junit/runners/ParentRunner_withBeforeClasses_12.java,1985.882
/src/main/java/org/junit/runners/Suite_Suite_5.java,2052.196
/src/main/java/org/junit/runners/BlockJUnit4ClassRunner_validateMethods_16.java,629.469
/src/main/java/org/junit/runners/ParentRunner_ParentRunner_1.java,549.515
/src/main/java/org/junit/runners/RuleContainer_setOrder_0.java,503.713
/src/main/java/org/junit/runners/Suite_Suite_6.java,1324.362
/src/main/java/org/junit/runners/ParentRunner_sort_27.java,4408.134
/src/main/java/org/junit/runners/ParentRunner_classBlock_10.java,2288.146
/src/main/java/org/junit/runners/RuleContainer_getSortedEntries_3.java,8166.667
/src/main/java/org/junit/runners/RuleContainer_add_2.java,304.722
/src/main/java/org/junit/runners/BlockJUnit4ClassRunner_createTest_19.java,181.62
/src/main/java/org/junit/runners/Parameterized_Parameterized_0.java,767.817
/src/main/java/org/junit/runners/BlockJUnit4ClassRunner_runChild_2.java,3286.578
/src/main/java/org/junit/runners/Suite_Suite_4.java,1441.342
/src/main/java/org/junit/runners/Suite_getChildren_7.java,225.853
/src/main/java/org/junit/runners/BlockJUnit4ClassRunner_validateTestMethods_17.java,603.241
/src/main/java/org/junit/runners/ParentRunner_areAllChildrenIgnored_11.java,603.634
/src/main/java/org/junit/runners/ParentRunner_comparator_33.java,2797.906
/src/main/java/org/junit/runners/BlockJUnit4ClassRunner_computeTestMethods_6.java,460
/src/main/java/org/junit/runners/ParentRunner_shouldNotReorder_29.java,399.772
/src/main/java/org/junit/runners/Suite_runChild_9.java,479.727
/src/main/java/org/junit/runners/ParentRunner_createTestClass_2.java,585.903
/src/main/java/org/junit/runners/ParentRunner_getRunnerAnnotations_23.java,314.537
/src/main/java/org/junit/runners/ParentRunner_shouldRun_32.java,539.151
/src/main/java/org/junit/runners/ParentRunner_runChildren_19.java,2248.153
/src/main/java/org/junit/runners/BlockJUnit4ClassRunner_BlockJUnit4ClassRunner_0.java,457.083
/src/main/java/org/junit/runners/BlockJUnit4ClassRunner_validateFields_15.java,629.469
/src/main/java/org/junit/runners/BlockJUnit4ClassRunner_rules_28.java,4270.893
/src/main/java/org/junit/runners/ParentRunner_isIgnored_18.java,122.042
/src/main/java/org/junit/runners/BlockJUnit4ClassRunner_validateNoNonStaticInnerClass_9.java,2158.321
/src/main/java/org/junit/runners/Suite_Suite_3.java,1207.261
/src/main/java/org/junit/runners/Parameterized_Parameterized_1.java,1201.557
/src/main/java/org/junit/runners/BlockJUnit4ClassRunner_collectInitializationErrors_7.java,1800.083
/src/main/java/org/junit/runners/BlockJUnit4ClassRunner_validatePublicConstructor_8.java,1296.578
/src/main/java/org/junit/runners/ParentRunner_withAfterClasses_13.java,1985.882
/src/main/java/org/junit/runners/ParentRunner_setScheduler_34.java,467.023
/src/main/java/org/junit/runners/ParentRunner_getDescription_24.java,7926.714
/src/main/java/org/junit/runners/Suite_describeChild_8.java,304.722
/src/main/java/org/junit/runners/BlockJUnit4ClassRunner_getTimeout_31.java,624.449
/src/main/java/org/junit/runners/ParentRunner_ParentRunner_0.java,900
/src/main/java/org/junit/Assert_buildPrefix_70.java,2228.674
/src/main/java/org/junit/Assert_assertNotEquals_17.java,577.179
/src/main/java/org/junit/Assert_assertNotNull_49.java,601.661
/src/main/java/org/junit/TestCouldNotBeSkippedException_TestCouldNotBeSkippedException_0.java,555.429
/src/main/java/org/junit/ComparisonFailure_getMessage_1.java,468
/src/main/java/org/junit/Assert_assertSame_55.java,526.989
/src/main/java/org/junit/Assert_assertArrayEquals_34.java,899.488
/src/main/java/org/junit/Assume_Assume_0.java,75.799
/src/main/java/org/junit/Assert_assertArrayEquals_22.java,709.251
/src/main/java/org/junit/ComparisonFailure_getActual_2.java,122.042
/src/main/java/org/junit/Assert_assertArrayEquals_32.java,709.251
/src/main/java/org/junit/Assert_assertNotNull_50.java,295.205
