java_file,midx
/src/main/java/junit/framework/ComparisonFailure_ComparisonFailure_0.java,100
/src/main/java/junit/framework/TestCase_assertEquals_33.java,100
/src/main/java/junit/framework/TestCase_assertNotNull_34.java,100
/src/main/java/junit/framework/TestCase_assertNotSame_41.java,100
/src/main/java/junit/framework/JUnit4TestAdapter_filter_10.java,100
/src/main/java/junit/framework/TestCase_failSame_42.java,100
/src/main/java/junit/framework/JUnit4TestAdapter_removeIgnored_7.java,100
/src/main/java/junit/framework/TestCase_assertEquals_30.java,100
/src/main/java/junit/framework/TestCase_failNotEquals_44.java,100
/src/main/java/junit/framework/TestFailure_isFailure_6.java,100
/src/main/java/junit/framework/TestCase_countTestCases_2.java,100
/src/main/java/junit/framework/TestCase_assertEquals_28.java,100
/src/main/java/junit/framework/TestCase_run_4.java,100
/src/main/java/junit/framework/TestCase_TestCase_0.java,100
/src/main/java/junit/framework/TestFailure_trace_4.java,100
/src/main/java/junit/framework/TestCase_assertEquals_26.java,100
/src/main/java/junit/framework/TestFailure_toString_3.java,100
/src/main/java/junit/framework/TestCase_assertFalse_11.java,100
/src/main/java/junit/framework/TestCase_TestCase_1.java,100
/src/main/java/junit/framework/TestSuite_TestSuite_4.java,100
/src/main/java/junit/framework/JUnit4TestCaseFacade_run_3.java,100
/src/main/java/junit/framework/TestCase_assertTrue_8.java,100
/src/main/java/junit/framework/TestCase_failNotSame_43.java,100
/src/main/java/junit/framework/TestSuite_createTest_0.java,100
/src/main/java/junit/framework/TestSuite_TestSuite_7.java,100
/src/main/java/junit/framework/JUnit4TestAdapterCache_createTest_2.java,100
/src/main/java/junit/framework/JUnit4TestAdapter_isIgnored_8.java,100
/src/main/java/junit/framework/TestCase_setName_50.java,100
/src/main/java/junit/framework/TestCase_fail_12.java,100
/src/main/java/junit/framework/TestFailure_failedTest_1.java,100
/src/main/java/junit/framework/TestCase_assertEquals_16.java,100
/src/main/java/junit/framework/TestSuite_addTestSuite_12.java,100
/src/main/java/junit/framework/TestSuite_run_15.java,100
/src/main/java/junit/framework/AssertionFailedError_AssertionFailedError_0.java,100
/src/main/java/junit/framework/JUnit4TestCaseFacade_countTestCases_2.java,100
/src/main/java/junit/framework/TestCase_assertEquals_17.java,100
/src/main/java/junit/framework/TestCase_assertEquals_24.java,100
/src/main/java/junit/framework/JUnit4TestCaseFacade_JUnit4TestCaseFacade_0.java,100
/src/main/java/junit/framework/TestSuite_warning_2.java,100
/src/main/java/junit/framework/TestCase_tearDown_47.java,100
/src/main/java/junit/framework/TestCase_assertEquals_21.java,100
/src/main/java/junit/framework/TestCase_run_5.java,100
/src/main/java/junit/framework/TestSuite_TestSuite_8.java,100
/src/main/java/junit/framework/JUnit4TestCaseFacade_getDescription_4.java,100
/src/main/java/junit/framework/TestSuite_TestSuite_3.java,100
/src/main/java/junit/framework/JUnit4TestAdapter_JUnit4TestAdapter_1.java,100
/src/main/java/junit/framework/TestSuite_runTest_16.java,100
/src/main/java/junit/framework/TestCase_assertEquals_19.java,100
/src/main/java/junit/framework/TestSuite_addTestsFromTestCase_5.java,100
/src/main/java/junit/framework/TestCase_assertEquals_25.java,100
/src/main/java/junit/framework/TestFailure_thrownException_2.java,100
/src/main/java/junit/framework/TestCase_assertSame_38.java,100
/src/main/java/junit/framework/TestCase_assertEquals_31.java,100
/src/main/java/junit/framework/TestSuite_toString_21.java,100
/src/main/java/junit/framework/TestSuite_setName_17.java,100
/src/main/java/junit/framework/JUnit4TestAdapter_toString_9.java,100
/src/main/java/junit/framework/TestSuite_isPublicTestMethod_23.java,100
/src/main/java/junit/framework/TestCase_runTest_7.java,100
/src/main/java/junit/framework/TestSuite_countTestCases_13.java,100
/src/main/java/junit/framework/JUnit4TestAdapter_run_3.java,100
/src/main/java/junit/framework/TestCase_assertEquals_22.java,100
/src/main/java/junit/framework/JUnit4TestAdapter_JUnit4TestAdapter_0.java,100
/src/main/java/junit/framework/JUnit4TestAdapterCache_getDefault_0.java,100
/src/main/java/junit/framework/JUnit4TestCaseFacade_toString_1.java,100
/src/main/java/junit/framework/JUnit4TestAdapterCache_asTestList_4.java,100
/src/main/java/junit/framework/JUnit4TestAdapter_getTestClass_5.java,100
/src/main/java/junit/framework/TestFailure_TestFailure_0.java,100
/src/main/java/junit/framework/TestSuite_TestSuite_10.java,100
/src/main/java/junit/framework/TestCase_assertEquals_20.java,100
/src/main/java/junit/framework/TestSuite_addTest_11.java,100
/src/main/java/junit/framework/TestSuite_testCaseForClass_9.java,100
/src/main/java/junit/framework/TestCase_assertSame_39.java,100
/src/main/java/junit/framework/TestSuite_testCount_19.java,100
/src/main/java/junit/framework/TestCase_assertEquals_27.java,100
/src/main/java/junit/framework/TestCase_assertNotSame_40.java,100
/src/main/java/junit/framework/TestCase_assertNull_36.java,100
/src/main/java/junit/framework/TestCase_assertFalse_10.java,100
/src/main/java/junit/framework/TestSuite_testAt_18.java,100
/src/main/java/junit/framework/TestCase_setUp_46.java,100
/src/main/java/junit/framework/JUnit4TestAdapter_getDescription_6.java,100
/src/main/java/junit/framework/TestCase_assertTrue_9.java,100
/src/main/java/junit/framework/TestCase_createResult_3.java,100
/src/main/java/junit/framework/TestFailure_exceptionMessage_5.java,100
/src/main/java/junit/framework/TestCase_assertNull_37.java,100
/src/main/java/junit/framework/TestSuite_TestSuite_6.java,100
/src/main/java/junit/framework/AssertionFailedError_defaultString_2.java,100
/src/main/java/junit/framework/TestCase_fail_13.java,100
/src/main/java/junit/framework/AssertionFailedError_AssertionFailedError_1.java,100
/src/main/java/junit/framework/ComparisonFailure_getExpected_3.java,100
/src/main/java/junit/framework/JUnit4TestAdapter_sort_11.java,100
/src/main/java/junit/framework/TestSuite_getTestConstructor_1.java,100
/src/main/java/junit/framework/TestSuite_tests_20.java,100
/src/main/java/junit/framework/TestCase_assertEquals_18.java,100
/src/main/java/junit/framework/JUnit4TestAdapter_countTestCases_2.java,100
/src/main/java/junit/framework/TestCase_runBare_6.java,100
/src/main/java/junit/framework/TestSuite_addTestMethod_22.java,100
/src/main/java/junit/framework/TestCase_assertEquals_15.java,100
/src/main/java/junit/framework/TestCase_assertEquals_29.java,100
/src/main/java/junit/framework/TestCase_assertEquals_23.java,100
/src/main/java/junit/framework/TestCase_assertNotNull_35.java,100
/src/main/java/junit/framework/JUnit4TestAdapterCache_getNotifier_3.java,100
/src/main/java/junit/framework/ComparisonFailure_getMessage_1.java,100
/src/main/java/junit/framework/JUnit4TestAdapter_getTests_4.java,100
/src/main/java/junit/framework/TestSuite_isTestMethod_24.java,100
/src/main/java/junit/framework/TestCase_format_45.java,100
/src/main/java/junit/framework/TestCase_getName_49.java,100
/src/main/java/junit/framework/TestSuite_getName_14.java,100
/src/main/java/junit/framework/JUnit4TestAdapter_order_12.java,100
/src/main/java/junit/framework/ComparisonFailure_getActual_2.java,100
/src/main/java/junit/framework/TestCase_toString_48.java,100
/src/main/java/junit/framework/TestCase_assertEquals_14.java,100
/src/main/java/junit/framework/TestCase_assertEquals_32.java,100
/src/main/java/junit/framework/JUnit4TestAdapterCache_asTest_1.java,100
/src/main/java/junit/textui/TestRunner_pause_12.java,100
/src/main/java/junit/textui/ResultPrinter_printDefect_7.java,100
/src/main/java/junit/textui/TestRunner_TestRunner_0.java,100
/src/main/java/junit/textui/TestRunner_testFailed_6.java,100
/src/main/java/junit/textui/TestRunner_doRun_11.java,100
/src/main/java/junit/textui/ResultPrinter_startTest_16.java,100
/src/main/java/junit/textui/TestRunner_setPrinter_17.java,100
/src/main/java/junit/textui/TestRunner_TestRunner_2.java,100
/src/main/java/junit/textui/TestRunner_runFailed_16.java,100
/src/main/java/junit/textui/ResultPrinter_addFailure_14.java,100
/src/main/java/junit/textui/ResultPrinter_printDefects_6.java,100
/src/main/java/junit/textui/TestRunner_createTestResult_9.java,100
/src/main/java/junit/textui/ResultPrinter_printErrors_4.java,100
/src/main/java/junit/textui/TestRunner_run_4.java,100
/src/main/java/junit/textui/ResultPrinter_printFooter_10.java,100
/src/main/java/junit/textui/ResultPrinter_addError_13.java,100
/src/main/java/junit/textui/TestRunner_main_13.java,100
/src/main/java/junit/textui/TestRunner_start_14.java,97.359
/src/main/java/junit/textui/ResultPrinter_printDefectHeader_8.java,100
/src/main/java/junit/textui/ResultPrinter_getWriter_12.java,100
/src/main/java/junit/textui/ResultPrinter_printDefectTrace_9.java,100
/src/main/java/junit/textui/TestRunner_doRun_10.java,100
/src/main/java/junit/textui/TestRunner_TestRunner_1.java,100
/src/main/java/junit/textui/ResultPrinter_ResultPrinter_0.java,100
/src/main/java/junit/textui/ResultPrinter_printHeader_3.java,100
/src/main/java/junit/textui/TestRunner_testEnded_8.java,100
/src/main/java/junit/textui/TestRunner_runAndWait_5.java,100
/src/main/java/junit/textui/TestRunner_testStarted_7.java,100
/src/main/java/junit/textui/TestRunner_runSingleMethod_15.java,100
/src/main/java/junit/textui/ResultPrinter_print_1.java,100
/src/main/java/junit/textui/TestRunner_run_3.java,100
/src/main/java/junit/textui/ResultPrinter_printWaitPrompt_2.java,100
/src/main/java/junit/textui/ResultPrinter_elapsedTimeAsString_11.java,100
/src/main/java/junit/textui/ResultPrinter_printFailures_5.java,100
/src/main/java/junit/textui/ResultPrinter_endTest_15.java,100
/src/main/java/junit/runner/BaseTestRunner_elapsedTimeAsString_12.java,100
/src/main/java/junit/runner/BaseTestRunner_readPreferences_22.java,100
/src/main/java/junit/runner/BaseTestRunner_getPreference_24.java,100
/src/main/java/junit/runner/BaseTestRunner_savePreferences_3.java,100
/src/main/java/junit/runner/BaseTestRunner_extractClassName_15.java,100
/src/main/java/junit/runner/Version_main_2.java,100
/src/main/java/junit/runner/BaseTestRunner_getPreference_23.java,100
/src/main/java/junit/runner/BaseTestRunner_startTest_0.java,100
/src/main/java/junit/runner/Version_id_1.java,100
/src/main/java/junit/runner/BaseTestRunner_useReloadingTestSuiteLoader_20.java,100
/src/main/java/junit/runner/BaseTestRunner_clearStatus_19.java,100
/src/main/java/junit/runner/BaseTestRunner_addFailure_7.java,100
/src/main/java/junit/runner/BaseTestRunner_loadSuiteClass_18.java,100
/src/main/java/junit/runner/BaseTestRunner_getFilteredTrace_25.java,100
/src/main/java/junit/runner/BaseTestRunner_showStackRaw_27.java,100
/src/main/java/junit/runner/BaseTestRunner_getFilteredTrace_26.java,100
/src/main/java/junit/runner/Version_Version_0.java,100
/src/main/java/junit/runner/BaseTestRunner_getPreferencesFile_21.java,100
/src/main/java/junit/runner/BaseTestRunner_processArguments_13.java,100
/src/main/java/junit/runner/BaseTestRunner_filterLine_28.java,100
/src/main/java/junit/runner/BaseTestRunner_addError_6.java,100
/src/main/java/junit/runner/BaseTestRunner_truncate_16.java,100
/src/main/java/junit/runner/BaseTestRunner_getTest_11.java,97.185
/src/main/java/junit/runner/BaseTestRunner_setLoading_14.java,100
/src/main/java/junit/runner/BaseTestRunner_setPreferences_1.java,100
/src/main/java/junit/runner/BaseTestRunner_endTest_5.java,100
/src/main/java/junit/runner/BaseTestRunner_getPreferences_2.java,100
/src/main/java/junit/runner/BaseTestRunner_setPreference_4.java,100
/src/main/java/junit/extensions/TestDecorator_basicRun_1.java,100
/src/main/java/junit/extensions/ActiveTestSuite_waitUntilFinished_6.java,100
/src/main/java/junit/extensions/ActiveTestSuite_run_4.java,100
/src/main/java/junit/extensions/TestDecorator_getTest_5.java,100
/src/main/java/junit/extensions/TestSetup_setUp_2.java,100
/src/main/java/junit/extensions/TestDecorator_run_3.java,100
/src/main/java/junit/extensions/ActiveTestSuite_ActiveTestSuite_1.java,100
/src/main/java/junit/extensions/ActiveTestSuite_ActiveTestSuite_2.java,100
/src/main/java/junit/extensions/TestDecorator_toString_4.java,100
/src/main/java/junit/extensions/ActiveTestSuite_ActiveTestSuite_3.java,100
/src/main/java/junit/extensions/TestDecorator_countTestCases_2.java,100
/src/main/java/junit/extensions/TestSetup_run_1.java,100
/src/main/java/junit/extensions/TestSetup_tearDown_3.java,100
/src/main/java/junit/extensions/TestSetup_TestSetup_0.java,100
/src/main/java/junit/extensions/ActiveTestSuite_runTest_5.java,100
/src/main/java/junit/extensions/ActiveTestSuite_ActiveTestSuite_0.java,100
/src/main/java/junit/extensions/ActiveTestSuite_runFinished_7.java,100
/src/main/java/junit/extensions/TestDecorator_TestDecorator_0.java,100
/src/main/java/org/junit/Assert_assertEquals_43.java,100
/src/main/java/org/junit/ComparisonFailure_ComparisonFailure_0.java,100
/src/main/java/org/junit/Assert_assertArrayEquals_24.java,100
/src/main/java/org/junit/validator/AnnotationValidator_validateAnnotatedField_1.java,100
/src/main/java/org/junit/validator/AnnotationValidator_validateAnnotatedClass_0.java,100
/src/main/java/org/junit/validator/AnnotationValidator_validateAnnotatedMethod_2.java,100
/src/main/java/org/junit/validator/AnnotationValidatorFactory_createAnnotationValidator_0.java,100
/src/main/java/org/junit/validator/PublicClassValidator_validateTestClass_0.java,100
/src/main/java/org/junit/validator/AnnotationsValidator_validateTestClass_0.java,100
/src/main/java/org/junit/AssumptionViolatedException_AssumptionViolatedException_3.java,100
/src/main/java/org/junit/internal/AssumptionViolatedException_AssumptionViolatedException_3.java,100
/src/main/java/org/junit/Assume_assumeNotNull_5.java,100
/src/main/java/org/junit/Assume_assumeThat_6.java,100
/src/main/java/org/junit/Assume_assumeNoException_8.java,100
/src/main/java/org/junit/Assert_equalsRegardingNull_8.java,100
/src/main/java/org/junit/Assert_assertNotSame_57.java,100
/src/main/java/org/junit/Assert_format_61.java,100
/src/main/java/org/junit/Assert_assertArrayEquals_20.java,100
/src/main/java/org/junit/Assert_assertNotEquals_14.java,100
/src/main/java/org/junit/Assert_assertNotEquals_15.java,100
/src/main/java/org/junit/Assert_assertNotEquals_18.java,100
/src/main/java/org/junit/rules/DisableOnDebug_isDebugging_3.java,100
/src/main/java/org/junit/rules/ExpectedException_expectMessage_9.java,100
/src/main/java/org/junit/rules/Stopwatch_starting_8.java,100
/src/main/java/org/junit/rules/Stopwatch_finished_6.java,100
/src/main/java/org/junit/rules/TestWatchman_succeeded_1.java,100
/src/main/java/org/junit/rules/Stopwatch_stopping_9.java,100
/src/main/java/org/junit/rules/Timeout_seconds_5.java,100
/src/main/java/org/junit/rules/ExpectedException_handleException_12.java,100
/src/main/java/org/junit/rules/TemporaryFolder_newFolder_10.java,98.752
/src/main/java/org/junit/rules/RuleChain_around_3.java,100
/src/main/java/org/junit/rules/TemporaryFolder_createTemporaryFolderIn_12.java,100
/src/main/java/org/junit/rules/TemporaryFolder_before_4.java,100
/src/main/java/org/junit/rules/DisableOnDebug_DisableOnDebug_0.java,100
/src/main/java/org/junit/rules/Timeout_Timeout_1.java,100
/src/main/java/org/junit/rules/Stopwatch_Stopwatch_1.java,100
/src/main/java/org/junit/rules/ErrorCollector_checkSucceeds_4.java,100
/src/main/java/org/junit/rules/RunRules_evaluate_1.java,100
/src/main/java/org/junit/rules/Stopwatch_getNanos_7.java,100
/src/main/java/org/junit/rules/Stopwatch_failed_4.java,100
/src/main/java/org/junit/rules/TemporaryFolder_newFile_8.java,100
/src/main/java/org/junit/rules/ExternalResource_after_3.java,100
/src/main/java/org/junit/rules/ExpectedExceptionMatcherBuilder_build_2.java,100
/src/main/java/org/junit/rules/ExpectedException_missingExceptionMessage_14.java,100
/src/main/java/org/junit/rules/Stopwatch_apply_10.java,100
/src/main/java/org/junit/rules/ExpectedExceptionMatcherBuilder_allOfTheMatchers_3.java,100
/src/main/java/org/junit/rules/RuleChain_emptyRuleChain_0.java,100
/src/main/java/org/junit/rules/TemporaryFolder_create_6.java,100
/src/main/java/org/junit/rules/RunRules_RunRules_0.java,100
/src/main/java/org/junit/rules/ExpectedException_none_0.java,100
/src/main/java/org/junit/rules/DisableOnDebug_DisableOnDebug_1.java,100
/src/main/java/org/junit/rules/ExternalResource_statement_1.java,100
/src/main/java/org/junit/rules/ExpectedExceptionMatcherBuilder_castedMatchers_4.java,100
/src/main/java/org/junit/rules/TemporaryFolder_createTemporaryFolderWithFileApi_14.java,100
/src/main/java/org/junit/rules/ExpectedException_expect_7.java,100
/src/main/java/org/junit/rules/TemporaryFolder_delete_16.java,100
/src/main/java/org/junit/rules/TestWatchman_starting_3.java,100
/src/main/java/org/junit/rules/ExpectedException_failDueToMissingException_13.java,100
/src/main/java/org/junit/rules/TestWatchman_finished_4.java,100
/src/main/java/org/junit/rules/TestName_getMethodName_1.java,100
/src/main/java/org/junit/rules/Stopwatch_Stopwatch_0.java,100
/src/main/java/org/junit/rules/TemporaryFolder_getRoot_15.java,100
/src/main/java/org/junit/rules/ExpectedExceptionMatcherBuilder_cast_5.java,100
/src/main/java/org/junit/rules/TemporaryFolder_after_5.java,100
/src/main/java/org/junit/rules/TemporaryFolder_TemporaryFolder_2.java,100
/src/main/java/org/junit/rules/TemporaryFolder_newFolder_9.java,100
/src/main/java/org/junit/rules/Stopwatch_succeeded_3.java,100
/src/main/java/org/junit/rules/ExternalResource_before_2.java,100
/src/main/java/org/junit/rules/Timeout_apply_9.java,100
/src/main/java/org/junit/rules/ExpectedException_isAnyExceptionExpected_11.java,100
/src/main/java/org/junit/rules/RuleChain_outerRule_1.java,100
/src/main/java/org/junit/rules/TemporaryFolder_TemporaryFolder_1.java,100
/src/main/java/org/junit/rules/ExpectedException_expect_6.java,100
/src/main/java/org/junit/rules/Stopwatch_runtime_2.java,100
/src/main/java/org/junit/rules/ExpectedException_reportMissingExceptionWithMessage_4.java,100
/src/main/java/org/junit/rules/ExpectedException_handleAssumptionViolatedExceptions_3.java,100
/src/main/java/org/junit/rules/TemporaryFolder_tryDelete_17.java,100
/src/main/java/org/junit/rules/TemporaryFolder_newFolder_11.java,100
/src/main/java/org/junit/rules/ErrorCollector_verify_0.java,100
/src/main/java/org/junit/rules/ErrorCollector_checkThat_2.java,100
/src/main/java/org/junit/rules/ErrorCollector_checkThrows_5.java,100
/src/main/java/org/junit/rules/ExpectedException_expectMessage_8.java,100
/src/main/java/org/junit/rules/Timeout_getTimeout_6.java,100
/src/main/java/org/junit/rules/TestWatchman_failed_2.java,100
/src/main/java/org/junit/rules/ExpectedExceptionMatcherBuilder_add_0.java,100
/src/main/java/org/junit/rules/RuleChain_RuleChain_2.java,100
/src/main/java/org/junit/rules/Stopwatch_skipped_5.java,100
/src/main/java/org/junit/rules/DisableOnDebug_apply_2.java,100
/src/main/java/org/junit/rules/ErrorCollector_checkThat_3.java,100
/src/main/java/org/junit/rules/Timeout_builder_0.java,100
/src/main/java/org/junit/rules/TemporaryFolder_recursiveDelete_18.java,100
/src/main/java/org/junit/rules/Timeout_millis_4.java,100
/src/main/java/org/junit/rules/ErrorCollector_addError_1.java,100
/src/main/java/org/junit/rules/DisableOnDebug_isDebugging_4.java,100
/src/main/java/org/junit/rules/TemporaryFolder_newFile_7.java,100
/src/main/java/org/junit/rules/ExpectedExceptionMatcherBuilder_expectsThrowable_1.java,100
/src/main/java/org/junit/rules/Timeout_Timeout_2.java,100
/src/main/java/org/junit/rules/TestName_starting_0.java,100
/src/main/java/org/junit/rules/ExpectedException_expectCause_10.java,100
/src/main/java/org/junit/rules/TemporaryFolder_createTemporaryFolderWithNioApi_13.java,100
/src/main/java/org/junit/rules/TemporaryFolder_builder_3.java,100
/src/main/java/org/junit/rules/Timeout_getLookingForStuckThread_7.java,100
/src/main/java/org/junit/rules/ExternalResource_apply_0.java,100
/src/main/java/org/junit/rules/ExpectedException_ExpectedException_1.java,100
/src/main/java/org/junit/rules/Timeout_Timeout_3.java,100
/src/main/java/org/junit/rules/TemporaryFolder_TemporaryFolder_0.java,100
/src/main/java/org/junit/rules/RuleChain_apply_4.java,100
/src/main/java/org/junit/rules/ExpectedException_handleAssertionErrors_2.java,100
/src/main/java/org/junit/Assert_floatIsDifferent_42.java,100
/src/main/java/org/junit/Assert_isEquals_9.java,100
/src/main/java/org/junit/AssumptionViolatedException_AssumptionViolatedException_1.java,100
/src/main/java/org/junit/internal/AssumptionViolatedException_AssumptionViolatedException_1.java,100
/src/main/java/org/junit/Assert_fail_6.java,100
/src/main/java/org/junit/Assert_failSame_58.java,100
/src/main/java/org/junit/Assert_assertEquals_48.java,100
/src/main/java/org/junit/Assert_assertArrayEquals_26.java,100
/src/main/java/org/junit/Assert_fail_5.java,100
/src/main/java/org/junit/Assert_assertFalse_3.java,100
/src/main/java/org/junit/Assert_assertNull_52.java,100
/src/main/java/org/junit/Assert_assertNotEquals_12.java,100
/src/main/java/org/junit/Assert_assertTrue_2.java,100
/src/main/java/org/junit/Assert_assertTrue_1.java,100
/src/main/java/org/junit/Assume_assumeTrue_3.java,100
/src/main/java/org/junit/Assert_assertEquals_10.java,100
/src/main/java/org/junit/Assert_Assert_0.java,100
/src/main/java/org/junit/runner/FilterFactoryParams_getArgs_1.java,100
/src/main/java/org/junit/runner/Result_wasSuccessful_8.java,100
/src/main/java/org/junit/runner/Request_runner_6.java,100
/src/main/java/org/junit/runner/JUnitCore_getVersion_5.java,100
/src/main/java/org/junit/runner/Result_Result_0.java,100
/src/main/java/org/junit/runner/JUnitCore_run_7.java,100
/src/main/java/org/junit/runner/JUnitCommandLineParseResult_copyArray_6.java,100
/src/main/java/org/junit/runner/JUnitCommandLineParseResult_parseParameters_7.java,100
/src/main/java/org/junit/runner/JUnitCore_run_6.java,100
/src/main/java/org/junit/runner/Computer_getRunner_2.java,100
/src/main/java/org/junit/runner/Result_getRunTime_4.java,100
/src/main/java/org/junit/runner/Description_createTestDescription_3.java,100
/src/main/java/org/junit/runner/JUnitCommandLineParseResult_createRequest_9.java,100
/src/main/java/org/junit/runner/Description_createTestDescription_4.java,100
/src/main/java/org/junit/runner/Description_equals_18.java,100
/src/main/java/org/junit/runner/Description_createSuiteDescription_8.java,100
/src/main/java/org/junit/runner/JUnitCore_runClasses_2.java,100
/src/main/java/org/junit/runner/Result_createListener_12.java,100
/src/main/java/org/junit/runner/Description_getAnnotation_22.java,100
/src/main/java/org/junit/runner/FilterFactoryParams_getTopLevelDescription_2.java,100
/src/main/java/org/junit/runner/Result_getFailureCount_3.java,100
/src/main/java/org/junit/runner/JUnitCommandLineParseResult_parse_3.java,100
/src/main/java/org/junit/runner/manipulation/Filter_intersect_4.java,100
/src/main/java/org/junit/runner/manipulation/Filter_apply_3.java,100
/src/main/java/org/junit/runner/manipulation/Filter_matchMethodDescription_0.java,100
/src/main/java/org/junit/runner/manipulation/Sorter_compare_2.java,100
/src/main/java/org/junit/runner/manipulation/Alphanumeric_create_1.java,100
/src/main/java/org/junit/runner/manipulation/Orderer_apply_2.java,100
/src/main/java/org/junit/runner/manipulation/Sorter_apply_1.java,100
/src/main/java/org/junit/runner/manipulation/Alphanumeric_Alphanumeric_0.java,100
/src/main/java/org/junit/runner/manipulation/Filter_describe_2.java,100
/src/main/java/org/junit/runner/manipulation/Orderer_Orderer_0.java,100
/src/main/java/org/junit/runner/manipulation/Sorter_validateOrderingIsCorrect_4.java,100
/src/main/java/org/junit/runner/manipulation/Sorter_Sorter_0.java,100
/src/main/java/org/junit/runner/manipulation/Sorter_orderItems_3.java,100
/src/main/java/org/junit/runner/manipulation/Filter_shouldRun_1.java,100
/src/main/java/org/junit/runner/Description_hashCode_17.java,100
/src/main/java/org/junit/runner/Description_isTest_15.java,100
/src/main/java/org/junit/runner/Description_isEmpty_20.java,100
/src/main/java/org/junit/runner/Description_createSuiteDescription_0.java,100
/src/main/java/org/junit/runner/Description_getClassName_25.java,100
/src/main/java/org/junit/runner/Description_getMethodName_26.java,100
/src/main/java/org/junit/runner/JUnitCore_removeListener_12.java,100
/src/main/java/org/junit/runner/Result_Result_1.java,100
/src/main/java/org/junit/runner/Request_classWithoutSuiteMethod_2.java,100
/src/main/java/org/junit/runner/Request_sortWith_10.java,100
/src/main/java/org/junit/runner/Description_createSuiteDescription_1.java,100
/src/main/java/org/junit/runner/JUnitCore_run_10.java,100
/src/main/java/org/junit/runner/JUnitCore_run_9.java,100
/src/main/java/org/junit/runner/JUnitCommandLineParseResult_getClasses_2.java,100
/src/main/java/org/junit/runner/Description_childlessCopy_21.java,100
/src/main/java/org/junit/runner/JUnitCommandLineParseResult_parseOptions_5.java,100
/src/main/java/org/junit/runner/Description_Description_9.java,100
/src/main/java/org/junit/runner/Description_createTestDescription_2.java,100
/src/main/java/org/junit/runner/Request_aClass_1.java,100
/src/main/java/org/junit/runner/Result_writeObject_9.java,100
/src/main/java/org/junit/runner/FilterFactories_createFilterFactory_3.java,100
/src/main/java/org/junit/runner/Description_formatDisplayName_6.java,100
/src/main/java/org/junit/runner/JUnitCommandLineParseResult_errorReport_8.java,100
/src/main/java/org/junit/runner/Result_getFailures_5.java,100
/src/main/java/org/junit/runner/JUnitCore_main_0.java,100
/src/main/java/org/junit/runner/JUnitCommandLineParseResult_JUnitCommandLineParseResult_0.java,100
/src/main/java/org/junit/runner/Result_readResolve_11.java,100
/src/main/java/org/junit/runner/Result_getAssumptionFailureCount_7.java,100
/src/main/java/org/junit/runner/Description_addChild_12.java,100
/src/main/java/org/junit/runner/Request_classes_4.java,100
/src/main/java/org/junit/runner/Description_isSuite_14.java,100
/src/main/java/org/junit/runner/Description_createTestDescription_5.java,100
/src/main/java/org/junit/runner/JUnitCommandLineParseResult_applyFilterSpecs_10.java,100
/src/main/java/org/junit/runner/FilterFactoryParams_FilterFactoryParams_0.java,100
/src/main/java/org/junit/runner/Description_getTestClass_24.java,100
/src/main/java/org/junit/runner/Request_getRunner_7.java,100
/src/main/java/org/junit/runner/FilterFactory_createFilter_0.java,100
/src/main/java/org/junit/runner/Request_method_0.java,100
/src/main/java/org/junit/runner/JUnitCommandLineParseResult_parseArgs_4.java,100
/src/main/java/org/junit/runner/Result_getIgnoreCount_6.java,100
/src/main/java/org/junit/runner/JUnitCore_run_8.java,100
/src/main/java/org/junit/runner/Description_getAnnotations_23.java,100
/src/main/java/org/junit/runner/JUnitCommandLineParseResult_getFilterSpecs_1.java,100
/src/main/java/org/junit/runner/notification/Failure_toString_4.java,100
/src/main/java/org/junit/runner/notification/RunListener_testRunFinished_1.java,100
/src/main/java/org/junit/runner/notification/RunListener_testFinished_5.java,100
/src/main/java/org/junit/runner/notification/RunNotifier_fireTestStarted_7.java,100
/src/main/java/org/junit/runner/notification/RunListener_testSuiteStarted_2.java,100
/src/main/java/org/junit/runner/notification/SynchronizedRunListener_testSuiteFinished_4.java,100
/src/main/java/org/junit/runner/notification/RunNotifier_removeListener_1.java,100
/src/main/java/org/junit/runner/notification/RunNotifier_wrapIfNotThreadSafe_2.java,100
/src/main/java/org/junit/runner/notification/RunListener_testAssumptionFailure_7.java,100
/src/main/java/org/junit/runner/notification/SynchronizedRunListener_testIgnored_9.java,100
/src/main/java/org/junit/runner/notification/SynchronizedRunListener_toString_12.java,100
/src/main/java/org/junit/runner/notification/RunListener_testIgnored_8.java,100
/src/main/java/org/junit/runner/notification/RunNotifier_fireTestRunFinished_4.java,100
/src/main/java/org/junit/runner/notification/SynchronizedRunListener_testFinished_6.java,100
/src/main/java/org/junit/runner/notification/RunListener_testFailure_6.java,100
/src/main/java/org/junit/runner/notification/SynchronizedRunListener_testStarted_5.java,100
/src/main/java/org/junit/runner/notification/RunListener_testRunStarted_0.java,100
/src/main/java/org/junit/runner/notification/RunNotifier_addListener_0.java,100
/src/main/java/org/junit/runner/notification/SynchronizedRunListener_testFailure_7.java,100
/src/main/java/org/junit/runner/notification/RunNotifier_addFirstListener_14.java,100
/src/main/java/org/junit/runner/notification/Failure_getTestHeader_1.java,100
/src/main/java/org/junit/runner/notification/SynchronizedRunListener_testSuiteStarted_3.java,100
/src/main/java/org/junit/runner/notification/RunListener_testStarted_4.java,100
/src/main/java/org/junit/runner/notification/RunNotifier_fireTestFailure_8.java,100
/src/main/java/org/junit/runner/notification/RunNotifier_fireTestSuiteFinished_6.java,100
/src/main/java/org/junit/runner/notification/Failure_getException_3.java,100
/src/main/java/org/junit/runner/notification/Failure_getTrace_5.java,100
/src/main/java/org/junit/runner/notification/SynchronizedRunListener_testRunFinished_2.java,100
/src/main/java/org/junit/runner/notification/SynchronizedRunListener_testAssumptionFailure_8.java,100
/src/main/java/org/junit/runner/notification/SynchronizedRunListener_testRunStarted_1.java,100
/src/main/java/org/junit/runner/notification/RunNotifier_fireTestRunStarted_3.java,100
/src/main/java/org/junit/runner/notification/SynchronizedRunListener_SynchronizedRunListener_0.java,100
/src/main/java/org/junit/runner/notification/RunNotifier_pleaseStop_13.java,100
/src/main/java/org/junit/runner/notification/RunNotifier_fireTestIgnored_11.java,100
/src/main/java/org/junit/runner/notification/SynchronizedRunListener_hashCode_10.java,100
/src/main/java/org/junit/runner/notification/RunNotifier_fireTestAssumptionFailed_10.java,100
/src/main/java/org/junit/runner/notification/RunNotifier_fireTestFinished_12.java,100
/src/main/java/org/junit/runner/notification/Failure_getMessage_7.java,100
/src/main/java/org/junit/runner/notification/RunNotifier_fireTestSuiteStarted_5.java,100
/src/main/java/org/junit/runner/notification/Failure_getDescription_2.java,100
/src/main/java/org/junit/runner/notification/RunListener_testSuiteFinished_3.java,100
/src/main/java/org/junit/runner/notification/SynchronizedRunListener_equals_11.java,100
/src/main/java/org/junit/runner/notification/Failure_Failure_0.java,100
/src/main/java/org/junit/runner/notification/Failure_getTrimmedTrace_6.java,100
/src/main/java/org/junit/runner/Computer_serial_0.java,100
/src/main/java/org/junit/runner/Request_filterWith_8.java,100
/src/main/java/org/junit/runner/Description_createSuiteDescription_7.java,100
/src/main/java/org/junit/runner/Description_getDisplayName_11.java,100
/src/main/java/org/junit/runner/Description_testCount_16.java,100
/src/main/java/org/junit/runner/JUnitCore_addListener_11.java,100
/src/main/java/org/junit/runner/Description_getChildren_13.java,100
/src/main/java/org/junit/runner/Result_getRunCount_2.java,100
/src/main/java/org/junit/runner/OrderWithValidator_validateAnnotatedClass_0.java,100
/src/main/java/org/junit/runner/Description_Description_10.java,100
/src/main/java/org/junit/runner/JUnitCore_runClasses_3.java,100
/src/main/java/org/junit/runner/JUnitCore_defaultComputer_13.java,100
/src/main/java/org/junit/runner/JUnitCore_runMain_4.java,100
/src/main/java/org/junit/runner/JUnitCore_runMain_1.java,100
/src/main/java/org/junit/runner/Description_toString_19.java,100
/src/main/java/org/junit/runner/Request_classes_3.java,100
/src/main/java/org/junit/runner/Request_orderWith_11.java,100
/src/main/java/org/junit/runner/Request_errorReport_5.java,100
/src/main/java/org/junit/runner/Request_filterWith_9.java,100
/src/main/java/org/junit/Assert_assertEquals_44.java,100
/src/main/java/org/junit/Assert_failNotNull_53.java,100
/src/main/java/org/junit/Assert_assertFalse_4.java,100
/src/main/java/org/junit/Assert_assertEquals_45.java,100
/src/main/java/org/junit/Assume_assumeNoException_9.java,100
/src/main/java/org/junit/experimental/ParallelComputer_classes_1.java,100
/src/main/java/org/junit/experimental/results/PrintableResult_testResult_1.java,100
/src/main/java/org/junit/experimental/results/FailureList_FailureList_0.java,100
/src/main/java/org/junit/experimental/results/ResultMatchers_failureCountIs_2.java,100
/src/main/java/org/junit/experimental/results/ResultMatchers_isSuccessful_1.java,100
/src/main/java/org/junit/experimental/results/PrintableResult_PrintableResult_3.java,100
/src/main/java/org/junit/experimental/results/FailureList_result_1.java,100
/src/main/java/org/junit/experimental/results/ResultMatchers_ResultMatchers_0.java,100
/src/main/java/org/junit/experimental/results/ResultMatchers_hasSingleFailureMatching_4.java,100
/src/main/java/org/junit/experimental/results/ResultMatchers_hasFailureContaining_5.java,100
/src/main/java/org/junit/experimental/results/PrintableResult_failureCount_4.java,100
/src/main/java/org/junit/experimental/results/PrintableResult_failures_5.java,100
/src/main/java/org/junit/experimental/results/ResultMatchers_hasSingleFailureContaining_3.java,100
/src/main/java/org/junit/experimental/results/PrintableResult_PrintableResult_2.java,100
/src/main/java/org/junit/experimental/results/PrintableResult_testResult_0.java,100
/src/main/java/org/junit/experimental/results/PrintableResult_toString_6.java,100
/src/main/java/org/junit/experimental/ParallelComputer_ParallelComputer_0.java,100
/src/main/java/org/junit/experimental/ParallelComputer_parallelize_3.java,100
/src/main/java/org/junit/experimental/theories/ParameterSignature_getAnnotations_11.java,100
/src/main/java/org/junit/experimental/theories/PotentialAssignment_getValue_1.java,100
/src/main/java/org/junit/experimental/theories/ParameterSignature_getType_10.java,100
/src/main/java/org/junit/experimental/theories/ParameterSignature_putSymmetrically_1.java,100
/src/main/java/org/junit/experimental/theories/Theories_validateParameterSupplier_7.java,100
/src/main/java/org/junit/experimental/theories/ParameterSignature_ParameterSignature_5.java,100
/src/main/java/org/junit/experimental/theories/Theories_collectInitializationErrors_2.java,100
/src/main/java/org/junit/experimental/theories/ParameterSignature_isAssignableViaTypeConversion_9.java,100
/src/main/java/org/junit/experimental/theories/ParameterSignature_findDeepAnnotation_13.java,100
/src/main/java/org/junit/experimental/theories/Theories_validateTestMethods_6.java,100
/src/main/java/org/junit/experimental/theories/ParameterSignature_signatures_3.java,100
/src/main/java/org/junit/experimental/theories/ParameterSignature_signatures_2.java,100
/src/main/java/org/junit/experimental/theories/Theories_methodBlock_9.java,100
/src/main/java/org/junit/experimental/theories/Theories_validateDataPointFields_3.java,100
/src/main/java/org/junit/experimental/theories/ParameterSignature_buildConvertableTypesMap_0.java,100
/src/main/java/org/junit/experimental/theories/Theories_Theories_1.java,100
/src/main/java/org/junit/experimental/theories/suppliers/TestedOnSupplier_getValueSources_0.java,100
/src/main/java/org/junit/experimental/theories/PotentialAssignment_forValue_0.java,100
/src/main/java/org/junit/experimental/theories/Theories_validateDataPointMethods_4.java,100
/src/main/java/org/junit/experimental/theories/internal/AllMembersSupplier_addIterableValues_8.java,100
/src/main/java/org/junit/experimental/theories/internal/Assignments_nextUnassigned_3.java,100
/src/main/java/org/junit/experimental/theories/internal/AllMembersSupplier_addSinglePointMethods_3.java,100
/src/main/java/org/junit/experimental/theories/internal/AllMembersSupplier_getDataPointsFields_13.java,100
/src/main/java/org/junit/experimental/theories/internal/ParameterizedAssertionError_hashCode_2.java,100
/src/main/java/org/junit/experimental/theories/internal/AllMembersSupplier_getStaticFieldValue_9.java,100
/src/main/java/org/junit/experimental/theories/internal/ParameterizedAssertionError_join_3.java,100
/src/main/java/org/junit/experimental/theories/internal/Assignments_assignNext_4.java,100
/src/main/java/org/junit/experimental/theories/internal/ParameterizedAssertionError_stringValueOf_5.java,100
/src/main/java/org/junit/experimental/theories/internal/AllMembersSupplier_addArrayValues_7.java,100
/src/main/java/org/junit/experimental/theories/internal/SpecificDataPointsSupplier_getSingleDataPointMethods_3.java,100
/src/main/java/org/junit/experimental/theories/internal/AllMembersSupplier_getSingleDataPointFields_12.java,100
/src/main/java/org/junit/experimental/theories/internal/Assignments_isComplete_2.java,100
/src/main/java/org/junit/experimental/theories/internal/SpecificDataPointsSupplier_getDataPointsMethods_4.java,100
/src/main/java/org/junit/experimental/theories/internal/EnumSupplier_getValueSources_1.java,100
/src/main/java/org/junit/experimental/theories/internal/ParameterizedAssertionError_equals_1.java,100
/src/main/java/org/junit/experimental/theories/internal/AllMembersSupplier_getSingleDataPointMethods_14.java,100
/src/main/java/org/junit/experimental/theories/internal/AllMembersSupplier_addMultiPointMethods_2.java,100
/src/main/java/org/junit/experimental/theories/internal/AllMembersSupplier_isAssignableToAnyOf_10.java,100
/src/main/java/org/junit/experimental/theories/internal/SpecificDataPointsSupplier_getSingleDataPointFields_1.java,100
/src/main/java/org/junit/experimental/theories/internal/ParameterizedAssertionError_join_4.java,100
/src/main/java/org/junit/experimental/theories/internal/AllMembersSupplier_addMultiPointFields_4.java,100
/src/main/java/org/junit/experimental/theories/internal/Assignments_getConstructorParameterCount_13.java,100
/src/main/java/org/junit/experimental/theories/internal/Assignments_getActualValues_5.java,100
/src/main/java/org/junit/experimental/theories/internal/SpecificDataPointsSupplier_getDataPointsFields_2.java,100
/src/main/java/org/junit/experimental/theories/internal/EnumSupplier_EnumSupplier_0.java,100
/src/main/java/org/junit/experimental/theories/internal/BooleanSupplier_getValueSources_0.java,100
/src/main/java/org/junit/experimental/theories/internal/Assignments_getAllArguments_12.java,100
/src/main/java/org/junit/experimental/theories/internal/Assignments_generateAssignmentsFromTypeAlone_7.java,100
/src/main/java/org/junit/experimental/theories/internal/AllMembersSupplier_addSinglePointFields_5.java,100
/src/main/java/org/junit/experimental/theories/internal/AllMembersSupplier_AllMembersSupplier_0.java,100
/src/main/java/org/junit/experimental/theories/internal/SpecificDataPointsSupplier_SpecificDataPointsSupplier_0.java,100
/src/main/java/org/junit/experimental/theories/internal/Assignments_getMethodArguments_11.java,100
/src/main/java/org/junit/experimental/theories/internal/AllMembersSupplier_getValueSources_1.java,100
/src/main/java/org/junit/experimental/theories/internal/AllMembersSupplier_getDataPointsMethods_11.java,100
/src/main/java/org/junit/experimental/theories/ParameterSignature_getAnnotation_15.java,100
/src/main/java/org/junit/experimental/theories/PotentialAssignment_getDescription_2.java,100
/src/main/java/org/junit/experimental/theories/Theories_Theories_0.java,100
/src/main/java/org/junit/experimental/theories/Theories_validateConstructor_5.java,100
/src/main/java/org/junit/experimental/theories/Theories_computeTestMethods_8.java,100
/src/main/java/org/junit/experimental/theories/ParameterSignature_canAcceptType_7.java,100
/src/main/java/org/junit/experimental/theories/ParameterSignature_hasAnnotation_12.java,100
/src/main/java/org/junit/experimental/theories/ParameterSignature_canPotentiallyAcceptType_8.java,100
/src/main/java/org/junit/experimental/theories/ParameterSignature_canAcceptValue_6.java,100
/src/main/java/org/junit/experimental/max/MaxHistory_isNewTest_6.java,100
/src/main/java/org/junit/experimental/max/MaxHistory_putTestFailureTimestamp_5.java,100
/src/main/java/org/junit/experimental/max/MaxCore_run_4.java,100
/src/main/java/org/junit/experimental/max/MaxCore_sortRequest_6.java,100
/src/main/java/org/junit/experimental/max/MaxCore_buildRunner_8.java,100
/src/main/java/org/junit/experimental/max/MaxHistory_getTestDuration_7.java,100
/src/main/java/org/junit/experimental/max/MaxCore_MaxCore_2.java,100
/src/main/java/org/junit/experimental/max/MaxCore_run_5.java,100
/src/main/java/org/junit/experimental/max/MaxCore_findLeaves_12.java,100
/src/main/java/org/junit/experimental/max/CouldNotReadCoreException_CouldNotReadCoreException_0.java,100
/src/main/java/org/junit/experimental/max/MaxHistory_putTestDuration_8.java,100
/src/main/java/org/junit/experimental/max/MaxCore_storedLocally_1.java,100
/src/main/java/org/junit/experimental/max/MaxCore_run_3.java,100
/src/main/java/org/junit/experimental/max/MaxCore_getMalformedTestClass_9.java,100
/src/main/java/org/junit/experimental/max/MaxHistory_testComparator_10.java,100
/src/main/java/org/junit/experimental/max/MaxHistory_MaxHistory_2.java,100
/src/main/java/org/junit/experimental/max/MaxHistory_forFolder_0.java,100
/src/main/java/org/junit/experimental/max/MaxCore_constructLeafRequest_7.java,100
/src/main/java/org/junit/experimental/max/MaxHistory_getFailureTimestamp_4.java,100
/src/main/java/org/junit/experimental/max/MaxHistory_save_3.java,100
/src/main/java/org/junit/experimental/max/MaxHistory_listener_9.java,100
/src/main/java/org/junit/experimental/max/MaxCore_sortedLeavesForTest_10.java,100
/src/main/java/org/junit/experimental/max/MaxCore_findLeaves_11.java,100
/src/main/java/org/junit/experimental/max/MaxCore_forFolder_0.java,100
/src/main/java/org/junit/experimental/categories/Categories_createSet_6.java,100
/src/main/java/org/junit/experimental/categories/Categories_hasAssignableTo_5.java,100
/src/main/java/org/junit/experimental/categories/CategoryFilterFactory_parseCategories_2.java,100
/src/main/java/org/junit/experimental/categories/IncludeCategories_createFilter_0.java,100
/src/main/java/org/junit/experimental/categories/CategoryValidator_validateAnnotatedMethod_0.java,100
/src/main/java/org/junit/experimental/categories/CategoryValidator_addErrorMessage_1.java,100
/src/main/java/org/junit/experimental/categories/Categories_getExcludedCategory_3.java,100
/src/main/java/org/junit/experimental/categories/Categories_isAnyIncluded_2.java,100
/src/main/java/org/junit/experimental/categories/CategoryFilterFactory_createFilter_0.java,100
/src/main/java/org/junit/experimental/categories/Categories_Categories_0.java,100
/src/main/java/org/junit/experimental/categories/Categories_getIncludedCategory_1.java,100
/src/main/java/org/junit/experimental/categories/Categories_nullableClassToSet_7.java,100
/src/main/java/org/junit/experimental/categories/Categories_isAnyExcluded_4.java,100
/src/main/java/org/junit/experimental/ParallelComputer_methods_2.java,100
/src/main/java/org/junit/experimental/runners/Enclosed_filterAbstractClasses_1.java,100
/src/main/java/org/junit/experimental/runners/Enclosed_Enclosed_0.java,100
/src/main/java/org/junit/matchers/JUnitMatchers_isThrowable_8.java,100
/src/main/java/org/junit/matchers/JUnitMatchers_hasItems_2.java,100
/src/main/java/org/junit/matchers/JUnitMatchers_either_7.java,100
/src/main/java/org/junit/matchers/JUnitMatchers_isException_9.java,100
/src/main/java/org/junit/matchers/JUnitMatchers_containsString_5.java,100
/src/main/java/org/junit/matchers/JUnitMatchers_hasItem_1.java,100
/src/main/java/org/junit/matchers/JUnitMatchers_both_6.java,100
/src/main/java/org/junit/matchers/JUnitMatchers_everyItem_4.java,100
/src/main/java/org/junit/matchers/JUnitMatchers_hasItem_0.java,100
/src/main/java/org/junit/matchers/JUnitMatchers_hasItems_3.java,100
/src/main/java/org/junit/Assume_assumeTrue_1.java,100
/src/main/java/org/junit/Assert_assertThat_66.java,100
/src/main/java/org/junit/internal/TextListener_testFailure_4.java,100
/src/main/java/org/junit/internal/SerializableValueDescription_asSerializableValue_1.java,100
/src/main/java/org/junit/internal/builders/IgnoredClassRunner_run_1.java,100
/src/main/java/org/junit/internal/builders/AnnotatedBuilder_AnnotatedBuilder_0.java,100
/src/main/java/org/junit/internal/builders/IgnoredClassRunner_getDescription_2.java,100
/src/main/java/org/junit/internal/builders/IgnoredBuilder_runnerForClass_0.java,100
/src/main/java/org/junit/internal/builders/JUnit4Builder_runnerForClass_0.java,100
/src/main/java/org/junit/internal/builders/NullBuilder_runnerForClass_0.java,100
/src/main/java/org/junit/internal/builders/AnnotatedBuilder_runnerForClass_1.java,100
/src/main/java/org/junit/internal/builders/AnnotatedBuilder_getEnclosingClassForNonStaticMemberClass_2.java,100
/src/main/java/org/junit/internal/builders/IgnoredClassRunner_IgnoredClassRunner_0.java,100
/src/main/java/org/junit/internal/builders/SuiteMethodBuilder_runnerForClass_0.java,100
/src/main/java/org/junit/internal/builders/SuiteMethodBuilder_hasSuiteMethod_1.java,100
/src/main/java/org/junit/internal/ArrayComparisonFailure_ArrayComparisonFailure_0.java,100
/src/main/java/org/junit/internal/ArrayComparisonFailure_addDimension_1.java,100
/src/main/java/org/junit/internal/AssumptionViolatedException_AssumptionViolatedException_3.java,100
/src/main/java/org/junit/internal/Throwables_isReflectionMethod_13.java,100
/src/main/java/org/junit/internal/ComparisonCriteria_objectWithToString_3.java,100
/src/main/java/org/junit/internal/ArrayComparisonFailure_toString_4.java,100
/src/main/java/org/junit/internal/TextListener_printFailures_8.java,100
/src/main/java/org/junit/internal/TextListener_printFailure_9.java,100
/src/main/java/org/junit/internal/SerializableValueDescription_toString_2.java,100
/src/main/java/org/junit/internal/Throwables_getFullStackTrace_9.java,100
/src/main/java/org/junit/internal/Throwables_getStacktrace_3.java,100
/src/main/java/org/junit/internal/ExactComparisonCriteria_assertElementsEqual_0.java,100
/src/main/java/org/junit/internal/Throwables_hasSuppressed_7.java,100
/src/main/java/org/junit/internal/management/FakeThreadMXBean_isThreadCpuTimeSupported_1.java,100
/src/main/java/org/junit/internal/management/ReflectiveRuntimeMXBean_getInputArguments_1.java,100
/src/main/java/org/junit/internal/management/ReflectiveThreadMXBean_getThreadCpuTime_1.java,100
/src/main/java/org/junit/internal/management/ManagementFactory_getRuntimeMXBean_0.java,100
/src/main/java/org/junit/internal/management/ReflectiveRuntimeMXBean_ReflectiveRuntimeMXBean_0.java,100
/src/main/java/org/junit/internal/management/FakeRuntimeMXBean_getInputArguments_0.java,100
/src/main/java/org/junit/internal/management/FakeThreadMXBean_getThreadCpuTime_0.java,100
/src/main/java/org/junit/internal/management/ReflectiveThreadMXBean_ReflectiveThreadMXBean_0.java,100
/src/main/java/org/junit/internal/management/ReflectiveThreadMXBean_isThreadCpuTimeSupported_2.java,100
/src/main/java/org/junit/internal/management/ManagementFactory_getThreadMXBean_1.java,100
/src/main/java/org/junit/internal/Classes_getClass_1.java,100
/src/main/java/org/junit/internal/TextListener_printFooter_10.java,100
/src/main/java/org/junit/internal/ComparisonCriteria_componentTypeName_4.java,100
/src/main/java/org/junit/internal/Classes_Classes_0.java,100
/src/main/java/org/junit/internal/Throwables_isMatchingMethod_14.java,100
/src/main/java/org/junit/internal/ArrayComparisonFailure_getCause_2.java,100
/src/main/java/org/junit/internal/AssumptionViolatedException_AssumptionViolatedException_1.java,100
/src/main/java/org/junit/internal/AssumptionViolatedException_AssumptionViolatedException_4.java,100
/src/main/java/org/junit/internal/Checks_notNull_1.java,100
/src/main/java/org/junit/internal/MethodSorter_getSorter_2.java,100
/src/main/java/org/junit/internal/TextListener_testIgnored_5.java,100
/src/main/java/org/junit/internal/Throwables_Throwables_0.java,100
/src/main/java/org/junit/internal/SerializableValueDescription_SerializableValueDescription_0.java,100
/src/main/java/org/junit/internal/TextListener_elapsedTimeAsString_11.java,100
/src/main/java/org/junit/internal/RealSystem_out_1.java,100
/src/main/java/org/junit/internal/requests/SortingRequest_getRunner_1.java,100
/src/main/java/org/junit/internal/requests/FilterRequest_getRunner_1.java,100
/src/main/java/org/junit/internal/requests/ClassRequest_ClassRequest_0.java,100
/src/main/java/org/junit/internal/requests/SortingRequest_SortingRequest_0.java,100
/src/main/java/org/junit/internal/requests/OrderingRequest_OrderingRequest_0.java,100
/src/main/java/org/junit/internal/requests/ClassRequest_createRunner_2.java,100
/src/main/java/org/junit/internal/requests/MemoizingRequest_getRunner_0.java,100
/src/main/java/org/junit/internal/requests/ClassRequest_ClassRequest_1.java,100
/src/main/java/org/junit/internal/requests/FilterRequest_FilterRequest_0.java,100
/src/main/java/org/junit/internal/requests/OrderingRequest_createRunner_1.java,100
/src/main/java/org/junit/internal/InexactComparisonCriteria_InexactComparisonCriteria_0.java,100
/src/main/java/org/junit/internal/Throwables_getCauseStackTraceLines_8.java,100
/src/main/java/org/junit/internal/Throwables_getTrimmedStackTraceLines_5.java,100
/src/main/java/org/junit/internal/Throwables_rethrow_2.java,100
/src/main/java/org/junit/internal/AssumptionViolatedException_getMessage_5.java,100
/src/main/java/org/junit/internal/TextListener_getWriter_6.java,100
/src/main/java/org/junit/internal/ComparisonCriteria_isArray_5.java,100
/src/main/java/org/junit/internal/Throwables_initGetSuppressed_6.java,100
/src/main/java/org/junit/internal/MethodSorter_getDeclaredMethods_0.java,100
/src/main/java/org/junit/internal/matchers/ThrowableCauseMatcher_matchesSafely_2.java,100
/src/main/java/org/junit/internal/matchers/ThrowableMessageMatcher_matchesSafely_2.java,100
/src/main/java/org/junit/internal/matchers/StacktracePrintingMatcher_describeMismatchSafely_3.java,100
/src/main/java/org/junit/internal/matchers/ThrowableMessageMatcher_hasMessage_4.java,100
/src/main/java/org/junit/internal/matchers/StacktracePrintingMatcher_describeTo_1.java,100
/src/main/java/org/junit/internal/matchers/StacktracePrintingMatcher_matchesSafely_2.java,100
/src/main/java/org/junit/internal/matchers/StacktracePrintingMatcher_StacktracePrintingMatcher_0.java,100
/src/main/java/org/junit/internal/matchers/ThrowableCauseMatcher_hasCause_4.java,100
/src/main/java/org/junit/internal/matchers/ThrowableCauseMatcher_describeMismatchSafely_3.java,100
/src/main/java/org/junit/internal/matchers/ThrowableCauseMatcher_ThrowableCauseMatcher_0.java,100
/src/main/java/org/junit/internal/matchers/ThrowableMessageMatcher_ThrowableMessageMatcher_0.java,100
/src/main/java/org/junit/internal/matchers/ThrowableCauseMatcher_describeTo_1.java,100
/src/main/java/org/junit/internal/matchers/ThrowableMessageMatcher_describeTo_1.java,100
/src/main/java/org/junit/internal/matchers/StacktracePrintingMatcher_readStacktrace_4.java,100
/src/main/java/org/junit/internal/matchers/ThrowableMessageMatcher_describeMismatchSafely_3.java,100
/src/main/java/org/junit/internal/AssumptionViolatedException_describeTo_6.java,100
/src/main/java/org/junit/internal/Throwables_isTestFrameworkMethod_12.java,100
/src/main/java/org/junit/internal/Checks_notNull_2.java,100
/src/main/java/org/junit/internal/Checks_Checks_0.java,100
/src/main/java/org/junit/internal/TextListener_TextListener_0.java,100
/src/main/java/org/junit/internal/AssumptionViolatedException_AssumptionViolatedException_2.java,100
/src/main/java/org/junit/internal/MethodSorter_MethodSorter_1.java,100
/src/main/java/org/junit/internal/Throwables_rethrowAsException_1.java,100
/src/main/java/org/junit/internal/TextListener_testRunFinished_2.java,100
/src/main/java/org/junit/internal/Classes_getClass_2.java,100
/src/main/java/org/junit/internal/Throwables_asReversedList_11.java,100
/src/main/java/org/junit/internal/InexactComparisonCriteria_assertElementsEqual_2.java,100
/src/main/java/org/junit/internal/ArrayComparisonFailure_getMessage_3.java,100
/src/main/java/org/junit/internal/AssumptionViolatedException_AssumptionViolatedException_0.java,100
/src/main/java/org/junit/internal/Throwables_getTrimmedStackTrace_4.java,100
/src/main/java/org/junit/internal/runners/JUnit4ClassRunner_testAnnotations_14.java,100
/src/main/java/org/junit/internal/runners/ClassRoadie_runAfters_5.java,100
/src/main/java/org/junit/internal/runners/TestMethod_expectsException_5.java,100
/src/main/java/org/junit/internal/runners/ErrorReportingRunner_ErrorReportingRunner_1.java,100
/src/main/java/org/junit/internal/runners/TestMethod_isUnexpected_4.java,100
/src/main/java/org/junit/internal/runners/MethodValidator_validateInstanceMethods_1.java,100
/src/main/java/org/junit/internal/runners/ErrorReportingRunner_runCause_7.java,100
/src/main/java/org/junit/internal/runners/JUnit4ClassRunner_methodDescription_13.java,100
/src/main/java/org/junit/internal/runners/MethodRoadie_runWithTimeout_2.java,100
/src/main/java/org/junit/internal/runners/JUnit4ClassRunner_validate_2.java,100
/src/main/java/org/junit/internal/runners/TestClass_getName_11.java,100
/src/main/java/org/junit/internal/runners/ErrorReportingRunner_getDescription_2.java,100
/src/main/java/org/junit/internal/runners/MethodValidator_assertValid_4.java,100
/src/main/java/org/junit/internal/runners/MethodRoadie_run_1.java,100
/src/main/java/org/junit/internal/runners/JUnit38ClassRunner_createAdaptingListener_3.java,100
/src/main/java/org/junit/internal/runners/MethodRoadie_MethodRoadie_0.java,100
/src/main/java/org/junit/internal/runners/JUnit4ClassRunner_runMethods_4.java,100
/src/main/java/org/junit/internal/runners/InitializationError_InitializationError_2.java,100
/src/main/java/org/junit/internal/runners/TestClass_TestClass_0.java,100
/src/main/java/org/junit/internal/runners/SuiteMethod_testFromSuiteMethod_1.java,100
/src/main/java/org/junit/internal/runners/TestClass_getAfters_3.java,100
/src/main/java/org/junit/internal/runners/rules/ValidationError_ValidationError_0.java,100
/src/main/java/org/junit/internal/runners/JUnit38ClassRunner_setTest_11.java,100
/src/main/java/org/junit/internal/runners/JUnit38ClassRunner_getDescription_4.java,100
/src/main/java/org/junit/internal/runners/JUnit4ClassRunner_filter_15.java,100
/src/main/java/org/junit/internal/runners/MethodValidator_MethodValidator_0.java,100
/src/main/java/org/junit/internal/runners/TestMethod_getAfters_7.java,100
/src/main/java/org/junit/internal/runners/TestMethod_invoke_8.java,100
/src/main/java/org/junit/internal/runners/MethodValidator_validateMethodsForDefaultRunner_3.java,100
/src/main/java/org/junit/internal/runners/model/EachTestNotifier_addFailedAssumption_3.java,100
/src/main/java/org/junit/internal/runners/model/EachTestNotifier_addMultipleFailureException_2.java,100
/src/main/java/org/junit/internal/runners/model/EachTestNotifier_EachTestNotifier_0.java,100
/src/main/java/org/junit/internal/runners/model/EachTestNotifier_addFailure_1.java,100
/src/main/java/org/junit/internal/runners/model/EachTestNotifier_fireTestStarted_5.java,100
/src/main/java/org/junit/internal/runners/model/EachTestNotifier_fireTestSuiteStarted_7.java,100
/src/main/java/org/junit/internal/runners/model/EachTestNotifier_fireTestIgnored_6.java,100
/src/main/java/org/junit/internal/runners/model/EachTestNotifier_fireTestSuiteFinished_8.java,100
/src/main/java/org/junit/internal/runners/model/ReflectiveCallable_run_0.java,100
/src/main/java/org/junit/internal/runners/model/EachTestNotifier_fireTestFinished_4.java,100
/src/main/java/org/junit/internal/runners/ClassRoadie_addFailure_2.java,100
/src/main/java/org/junit/internal/runners/MethodRoadie_runBeforesThenTestThenAfters_4.java,100
/src/main/java/org/junit/internal/runners/TestMethod_isIgnored_1.java,100
/src/main/java/org/junit/internal/runners/MethodRoadie_runBefores_6.java,100
/src/main/java/org/junit/internal/runners/JUnit4ClassRunner_JUnit4ClassRunner_0.java,100
/src/main/java/org/junit/internal/runners/JUnit4ClassRunner_getDescription_5.java,100
/src/main/java/org/junit/internal/runners/statements/FailOnTimeout_getThreadsInGroup_9.java,100
/src/main/java/org/junit/internal/runners/statements/RunAfters_invokeMethod_2.java,100
/src/main/java/org/junit/internal/runners/statements/RunAfters_RunAfters_0.java,100
/src/main/java/org/junit/internal/runners/statements/InvokeMethod_evaluate_1.java,100
/src/main/java/org/junit/internal/runners/statements/FailOnTimeout_FailOnTimeout_2.java,100
/src/main/java/org/junit/internal/runners/statements/FailOnTimeout_threadGroupForNewThread_4.java,100
/src/main/java/org/junit/internal/runners/statements/Fail_Fail_0.java,100
/src/main/java/org/junit/internal/runners/statements/FailOnTimeout_getStackTrace_7.java,100
/src/main/java/org/junit/internal/runners/statements/FailOnTimeout_evaluate_3.java,100
/src/main/java/org/junit/internal/runners/statements/FailOnTimeout_cpuTime_10.java,100
/src/main/java/org/junit/internal/runners/statements/ExpectException_evaluate_1.java,100
/src/main/java/org/junit/internal/runners/statements/FailOnTimeout_FailOnTimeout_1.java,100
/src/main/java/org/junit/internal/runners/statements/FailOnTimeout_createTimeoutException_6.java,100
/src/main/java/org/junit/internal/runners/statements/ExpectException_ExpectException_0.java,100
/src/main/java/org/junit/internal/runners/statements/FailOnTimeout_getStuckThread_8.java,100
/src/main/java/org/junit/internal/runners/statements/Fail_evaluate_1.java,100
/src/main/java/org/junit/internal/runners/statements/RunAfters_evaluate_1.java,100
/src/main/java/org/junit/internal/runners/statements/FailOnTimeout_getResult_5.java,100
/src/main/java/org/junit/internal/runners/statements/FailOnTimeout_builder_0.java,100
/src/main/java/org/junit/internal/runners/statements/InvokeMethod_InvokeMethod_0.java,100
/src/main/java/org/junit/internal/runners/ClassRoadie_runBefores_4.java,100
/src/main/java/org/junit/internal/runners/SuiteMethod_SuiteMethod_0.java,100
/src/main/java/org/junit/internal/runners/JUnit38ClassRunner_filter_8.java,100
/src/main/java/org/junit/internal/runners/TestMethod_TestMethod_0.java,100
/src/main/java/org/junit/internal/runners/TestClass_getJavaClass_10.java,100
/src/main/java/org/junit/internal/runners/JUnit4ClassRunner_invokeTestMethod_9.java,100
/src/main/java/org/junit/internal/runners/TestClass_isShadowed_7.java,100
/src/main/java/org/junit/internal/runners/InitializationError_InitializationError_1.java,100
/src/main/java/org/junit/internal/runners/JUnit38ClassRunner_makeDescription_5.java,100
/src/main/java/org/junit/internal/runners/JUnit4ClassRunner_run_3.java,100
/src/main/java/org/junit/internal/runners/TestMethod_getTimeout_2.java,100
/src/main/java/org/junit/internal/runners/ErrorReportingRunner_run_3.java,100
/src/main/java/org/junit/internal/runners/JUnit38ClassRunner_getTest_12.java,100
/src/main/java/org/junit/internal/runners/JUnit38ClassRunner_run_2.java,100
/src/main/java/org/junit/internal/runners/ClassRoadie_runProtected_3.java,100
/src/main/java/org/junit/internal/runners/MethodRoadie_runAfters_7.java,100
/src/main/java/org/junit/internal/runners/TestClass_runsTopToBottom_5.java,100
/src/main/java/org/junit/internal/runners/ErrorReportingRunner_getCauses_5.java,100
/src/main/java/org/junit/internal/runners/JUnit38ClassRunner_order_10.java,100
/src/main/java/org/junit/internal/runners/TestClass_getBefores_2.java,100
/src/main/java/org/junit/internal/runners/JUnit4ClassRunner_sort_16.java,100
/src/main/java/org/junit/internal/runners/JUnit4ClassRunner_createTest_8.java,100
/src/main/java/org/junit/internal/runners/TestMethod_getExpectedException_3.java,100
/src/main/java/org/junit/internal/runners/TestClass_getAnnotatedMethods_4.java,100
/src/main/java/org/junit/internal/runners/MethodRoadie_runTest_3.java,100
/src/main/java/org/junit/internal/runners/ErrorReportingRunner_ErrorReportingRunner_0.java,100
/src/main/java/org/junit/internal/runners/MethodValidator_validateStaticMethods_2.java,100
/src/main/java/org/junit/internal/runners/InitializationError_InitializationError_0.java,100
/src/main/java/org/junit/internal/runners/ClassRoadie_runUnprotected_1.java,100
/src/main/java/org/junit/internal/runners/JUnit38ClassRunner_JUnit38ClassRunner_0.java,100
/src/main/java/org/junit/internal/runners/TestClass_getSuperClasses_8.java,100
/src/main/java/org/junit/internal/runners/JUnit4ClassRunner_getTestMethods_1.java,100
/src/main/java/org/junit/internal/runners/JUnit4ClassRunner_getTestClass_17.java,100
/src/main/java/org/junit/internal/runners/ErrorReportingRunner_describeCause_6.java,100
/src/main/java/org/junit/internal/runners/ErrorReportingRunner_getClassNames_4.java,100
/src/main/java/org/junit/internal/runners/MethodRoadie_addFailure_8.java,100
/src/main/java/org/junit/internal/runners/TestClass_getTestMethods_1.java,100
/src/main/java/org/junit/internal/runners/TestMethod_getBefores_6.java,100
/src/main/java/org/junit/internal/runners/MethodValidator_validateNoArgConstructor_5.java,100
/src/main/java/org/junit/internal/runners/MethodRoadie_runTestMethod_5.java,100
/src/main/java/org/junit/internal/runners/JUnit38ClassRunner_sort_9.java,100
/src/main/java/org/junit/internal/runners/JUnit38ClassRunner_getAnnotations_6.java,100
/src/main/java/org/junit/internal/runners/JUnit4ClassRunner_testName_12.java,100
/src/main/java/org/junit/internal/runners/TestClass_isShadowed_6.java,100
/src/main/java/org/junit/internal/runners/JUnit38ClassRunner_createSuiteDescription_7.java,100
/src/main/java/org/junit/internal/runners/JUnit4ClassRunner_getName_7.java,100
/src/main/java/org/junit/internal/runners/InitializationError_getCauses_3.java,100
/src/main/java/org/junit/internal/runners/JUnit4ClassRunner_classAnnotations_6.java,100
/src/main/java/org/junit/internal/runners/JUnit4ClassRunner_wrapMethod_11.java,100
/src/main/java/org/junit/internal/runners/TestClass_getConstructor_9.java,100
/src/main/java/org/junit/internal/runners/JUnit38ClassRunner_JUnit38ClassRunner_1.java,100
/src/main/java/org/junit/internal/AssumptionViolatedException_writeObject_7.java,100
/src/main/java/org/junit/internal/ComparisonCriteria_getToStringableArrayElement_2.java,100
/src/main/java/org/junit/internal/TextListener_TextListener_1.java,100
/src/main/java/org/junit/internal/TextListener_testStarted_3.java,100
/src/main/java/org/junit/internal/InexactComparisonCriteria_InexactComparisonCriteria_1.java,100
/src/main/java/org/junit/internal/TextListener_printHeader_7.java,100
/src/main/java/org/junit/internal/RealSystem_exit_0.java,100
/src/main/java/org/junit/Assert_doubleIsDifferent_41.java,100
/src/main/java/org/junit/Assert_formatClass_62.java,100
/src/main/java/org/junit/Assert_assertEquals_47.java,100
/src/main/java/org/junit/Assert_assertEquals_65.java,100
/src/main/java/org/junit/internal/AssumptionViolatedException_AssumptionViolatedException_2.java,100
/src/main/java/org/junit/AssumptionViolatedException_AssumptionViolatedException_2.java,100
/src/main/java/org/junit/Assume_assumeThat_7.java,100
/src/main/java/org/junit/Assert_assertArrayEquals_28.java,100
/src/main/java/org/junit/Assume_assumeFalse_4.java,100
/src/main/java/org/junit/Assume_assumeFalse_2.java,100
/src/main/java/org/junit/Assert_assertSame_54.java,100
/src/main/java/org/junit/Assert_assertArrayEquals_36.java,100
/src/main/java/org/junit/Assert_failEquals_13.java,100
/src/main/java/org/junit/Assert_assertNull_51.java,100
/src/main/java/org/junit/Assert_formatClassAndValue_63.java,100
/src/main/java/org/junit/ComparisonFailure_getExpected_3.java,100
/src/main/java/org/junit/internal/AssumptionViolatedException_AssumptionViolatedException_0.java,100
/src/main/java/org/junit/AssumptionViolatedException_AssumptionViolatedException_0.java,100
/src/main/java/org/junit/Assert_assertArrayEquals_30.java,100
/src/main/java/org/junit/runners/ParentRunner_getFilteredChildren_31.java,100
/src/main/java/org/junit/runners/BlockJUnit4ClassRunner_validateConstructor_10.java,100
/src/main/java/org/junit/runners/BlockJUnit4ClassRunner_testName_20.java,100
/src/main/java/org/junit/runners/ParentRunner_childrenInvoker_16.java,100
/src/main/java/org/junit/runners/Suite_getAnnotatedClasses_1.java,100
/src/main/java/org/junit/runners/ParentRunner_run_25.java,100
/src/main/java/org/junit/runners/ParentRunner_applyValidators_7.java,100
/src/main/java/org/junit/runners/ParentRunner_validateClassRules_9.java,100
/src/main/java/org/junit/runners/ParentRunner_order_28.java,100
/src/main/java/org/junit/runners/BlockJUnit4ClassRunner_hasOneConstructor_13.java,100
/src/main/java/org/junit/runners/ParentRunner_validate_30.java,100
/src/main/java/org/junit/runners/BlockJUnit4ClassRunner_createTest_18.java,100
/src/main/java/org/junit/runners/parameterized/BlockJUnit4ClassRunnerWithParameters_validateFields_7.java,99.175
/src/main/java/org/junit/runners/parameterized/BlockJUnit4ClassRunnerWithParameters_testName_5.java,100
/src/main/java/org/junit/runners/parameterized/TestWithParameters_equals_5.java,100
/src/main/java/org/junit/runners/parameterized/BlockJUnit4ClassRunnerWithParameters_getRunnerAnnotations_11.java,100
/src/main/java/org/junit/runners/parameterized/BlockJUnit4ClassRunnerWithParameters_withAfterParams_10.java,100
/src/main/java/org/junit/runners/parameterized/BlockJUnit4ClassRunnerWithParameters_getInjectionType_13.java,100
/src/main/java/org/junit/runners/parameterized/BlockJUnit4ClassRunnerWithParameters_withBeforeParams_9.java,100
/src/main/java/org/junit/runners/parameterized/BlockJUnit4ClassRunnerWithParameters_createTestUsingConstructorInjection_2.java,100
/src/main/java/org/junit/runners/parameterized/BlockJUnit4ClassRunnerWithParameters_validateConstructor_6.java,100
/src/main/java/org/junit/runners/parameterized/BlockJUnit4ClassRunnerWithParameters_getAnnotatedFieldsByParameter_12.java,100
/src/main/java/org/junit/runners/parameterized/BlockJUnit4ClassRunnerWithParameters_createTestUsingFieldInjection_3.java,98.374
/src/main/java/org/junit/runners/parameterized/TestWithParameters_toString_6.java,100
/src/main/java/org/junit/runners/parameterized/TestWithParameters_getName_1.java,100
/src/main/java/org/junit/runners/parameterized/TestWithParameters_getParameters_3.java,100
/src/main/java/org/junit/runners/parameterized/BlockJUnit4ClassRunnerWithParameters_getName_4.java,100
/src/main/java/org/junit/runners/parameterized/TestWithParameters_getTestClass_2.java,100
/src/main/java/org/junit/runners/parameterized/BlockJUnit4ClassRunnerWithParameters_fieldsAreAnnotated_14.java,100
/src/main/java/org/junit/runners/parameterized/BlockJUnit4ClassRunnerWithParameters_classBlock_8.java,100
/src/main/java/org/junit/runners/parameterized/BlockJUnit4ClassRunnerWithParameters_createTest_1.java,100
/src/main/java/org/junit/runners/parameterized/TestWithParameters_hashCode_4.java,100
/src/main/java/org/junit/runners/BlockJUnit4ClassRunner_validateZeroArgConstructor_12.java,100
/src/main/java/org/junit/runners/BlockJUnit4ClassRunner_getChildren_5.java,100
/src/main/java/org/junit/runners/BlockJUnit4ClassRunner_validateOnlyOneConstructor_11.java,100
/src/main/java/org/junit/runners/ParentRunner_withInterruptIsolation_17.java,100
/src/main/java/org/junit/runners/ParentRunner_getTestClass_21.java,100
/src/main/java/org/junit/runners/BlockJUnit4ClassRunner_withRules_27.java,100
/src/main/java/org/junit/runners/RuleContainer_getSortedRules_5.java,100
/src/main/java/org/junit/runners/Suite_Suite_2.java,100
/src/main/java/org/junit/runners/ParentRunner_classRules_15.java,100
/src/main/java/org/junit/runners/BlockJUnit4ClassRunner_methodInvoker_22.java,100
/src/main/java/org/junit/runners/BlockJUnit4ClassRunner_isIgnored_3.java,100
/src/main/java/org/junit/runners/JUnit4_JUnit4_0.java,100
/src/main/java/org/junit/runners/BlockJUnit4ClassRunner_validateInstanceMethods_14.java,100
/src/main/java/org/junit/runners/BlockJUnit4ClassRunner_getExpectedException_30.java,100
/src/main/java/org/junit/runners/ParentRunner_filter_26.java,100
/src/main/java/org/junit/runners/ParentRunner_getName_20.java,100
/src/main/java/org/junit/runners/model/FrameworkMethod_getAnnotations_17.java,100
/src/main/java/org/junit/runners/model/FrameworkField_toString_11.java,100
/src/main/java/org/junit/runners/model/FrameworkField_getField_7.java,100
/src/main/java/org/junit/runners/model/FrameworkField_getAnnotation_3.java,100
/src/main/java/org/junit/runners/model/FrameworkMethod_getAnnotation_18.java,100
/src/main/java/org/junit/runners/model/RunnerBuilder_safeRunnerForClass_1.java,100
/src/main/java/org/junit/runners/model/TestClass_runsTopToBottom_11.java,100
/src/main/java/org/junit/runners/model/InitializationError_InitializationError_2.java,100
/src/main/java/org/junit/runners/model/FrameworkMethod_validatePublicVoidNoArg_4.java,100
/src/main/java/org/junit/runners/model/TestClass_TestClass_0.java,100
/src/main/java/org/junit/runners/model/FrameworkField_isBridgeMethod_5.java,100
/src/main/java/org/junit/runners/model/TestClass_equals_25.java,100
/src/main/java/org/junit/runners/model/MultipleFailureException_MultipleFailureException_0.java,100
/src/main/java/org/junit/runners/model/FrameworkMethod_getName_3.java,100
/src/main/java/org/junit/runners/model/FrameworkMethod_validatePublicVoid_5.java,100
/src/main/java/org/junit/runners/model/TestClass_scanAnnotatedMembers_1.java,100
/src/main/java/org/junit/runners/model/MultipleFailureException_assertEmpty_6.java,100
/src/main/java/org/junit/runners/model/FrameworkMethod_validateNoTypeParametersOnArgs_10.java,100
/src/main/java/org/junit/runners/model/FrameworkField_getAnnotations_2.java,100
/src/main/java/org/junit/runners/model/TestClass_getName_14.java,100
/src/main/java/org/junit/runners/model/FrameworkMember_isPublic_5.java,100
/src/main/java/org/junit/runners/model/TestClass_getAnnotatedMethods_5.java,100
/src/main/java/org/junit/runners/model/TestClass_isPublic_22.java,100
/src/main/java/org/junit/runners/model/FrameworkMember_handlePossibleBridgeMethod_1.java,100
/src/main/java/org/junit/runners/model/TestClass_getSuperClasses_12.java,100
/src/main/java/org/junit/runners/model/FrameworkField_getDeclaringClass_9.java,100
/src/main/java/org/junit/runners/model/FrameworkMethod_getReturnType_7.java,100
/src/main/java/org/junit/runners/model/FrameworkMethod_getDeclaringClass_9.java,100
/src/main/java/org/junit/runners/model/FrameworkMethod_isBridgeMethod_12.java,100
/src/main/java/org/junit/runners/model/NoGenericTypeParametersValidator_NoGenericTypeParametersValidator_0.java,100
/src/main/java/org/junit/runners/model/FrameworkMember_isStatic_4.java,100
/src/main/java/org/junit/runners/model/MultipleFailureException_getMessage_2.java,100
/src/main/java/org/junit/runners/model/TestClass_getAnnotatedFields_7.java,100
/src/main/java/org/junit/runners/model/InitializationError_InitializationError_1.java,100
/src/main/java/org/junit/runners/model/RunnerBuilder_runners_7.java,100
/src/main/java/org/junit/runners/model/FrameworkMethod_producesType_15.java,100
/src/main/java/org/junit/runners/model/MultipleFailureException_printStackTrace_4.java,100
/src/main/java/org/junit/runners/model/FrameworkMethod_getType_8.java,100
/src/main/java/org/junit/runners/model/MultipleFailureException_printStackTrace_5.java,100
/src/main/java/org/junit/runners/model/FrameworkField_getModifiers_6.java,100
/src/main/java/org/junit/runners/model/FrameworkField_getName_1.java,100
/src/main/java/org/junit/runners/model/FrameworkMethod_getParameterTypes_16.java,100
/src/main/java/org/junit/runners/model/TestClass_hashCode_24.java,100
/src/main/java/org/junit/runners/model/TestClass_isANonStaticInnerClass_23.java,100
/src/main/java/org/junit/runners/model/TestClass_getSortedDeclaredFields_2.java,100
/src/main/java/org/junit/runners/model/FrameworkField_isShadowedBy_4.java,100
/src/main/java/org/junit/runners/model/FrameworkField_FrameworkField_0.java,100
/src/main/java/org/junit/runners/model/TestClass_collectValues_9.java,100
/src/main/java/org/junit/runners/model/FrameworkMethod_FrameworkMethod_0.java,100
/src/main/java/org/junit/runners/model/FrameworkMethod_getMethod_1.java,100
/src/main/java/org/junit/runners/model/RunnerBuilder_runnerForClass_0.java,100
/src/main/java/org/junit/runners/model/MultipleFailureException_getFailures_1.java,100
/src/main/java/org/junit/runners/model/FrameworkField_getType_8.java,100
/src/main/java/org/junit/runners/model/InitializationError_InitializationError_0.java,100
/src/main/java/org/junit/runners/model/TestClass_getOnlyConstructor_15.java,100
/src/main/java/org/junit/runners/model/FrameworkMethod_hashCode_14.java,100
/src/main/java/org/junit/runners/model/FrameworkMethod_isShadowedBy_11.java,100
/src/main/java/org/junit/runners/model/TestClass_getAnnotations_16.java,100
/src/main/java/org/junit/runners/model/RunnerBuilder_removeParent_4.java,100
/src/main/java/org/junit/runners/model/RunnerBuilder_addParent_3.java,100
/src/main/java/org/junit/runners/model/FrameworkMethod_toString_19.java,100
/src/main/java/org/junit/runners/model/FrameworkField_get_10.java,100
/src/main/java/org/junit/runners/model/RunnerBuilder_configureRunner_2.java,100
/src/main/java/org/junit/runners/model/FrameworkMethod_getModifiers_6.java,100
/src/main/java/org/junit/runners/model/MultipleFailureException_printStackTrace_3.java,100
/src/main/java/org/junit/runners/model/NoGenericTypeParametersValidator_validate_1.java,100
/src/main/java/org/junit/runners/model/TestClass_getAnnotation_17.java,100
/src/main/java/org/junit/runners/model/InitializationError_getCauses_3.java,100
/src/main/java/org/junit/runners/model/FrameworkMethod_equals_13.java,100
/src/main/java/org/junit/runners/model/TestClass_getJavaClass_13.java,100
/src/main/java/org/junit/runners/model/NoGenericTypeParametersValidator_validateNoTypeParameterOnType_2.java,100
/src/main/java/org/junit/runners/BlockJUnit4ClassRunner_BlockJUnit4ClassRunner_1.java,100
/src/main/java/org/junit/runners/Suite_emptySuite_0.java,100
/src/main/java/org/junit/runners/BlockJUnit4ClassRunner_methodBlock_21.java,100
/src/main/java/org/junit/runners/BlockJUnit4ClassRunner_getTestRules_29.java,100
/src/main/java/org/junit/runners/RuleContainer_add_1.java,100
/src/main/java/org/junit/runners/ParentRunner_collectInitializationErrors_6.java,100
/src/main/java/org/junit/runners/BlockJUnit4ClassRunner_describeChild_4.java,100
/src/main/java/org/junit/runners/ParentRunner_withClassRules_14.java,100
/src/main/java/org/junit/runners/ParentRunner_withBeforeClasses_12.java,100
/src/main/java/org/junit/runners/Suite_Suite_5.java,100
/src/main/java/org/junit/runners/BlockJUnit4ClassRunner_validateMethods_16.java,100
/src/main/java/org/junit/runners/ParentRunner_ParentRunner_1.java,100
/src/main/java/org/junit/runners/RuleContainer_setOrder_0.java,100
/src/main/java/org/junit/runners/Suite_Suite_6.java,100
/src/main/java/org/junit/runners/ParentRunner_sort_27.java,100
/src/main/java/org/junit/runners/ParentRunner_classBlock_10.java,100
/src/main/java/org/junit/runners/RuleContainer_getSortedEntries_3.java,100
/src/main/java/org/junit/runners/RuleContainer_add_2.java,100
/src/main/java/org/junit/runners/BlockJUnit4ClassRunner_createTest_19.java,100
/src/main/java/org/junit/runners/Parameterized_Parameterized_0.java,100
/src/main/java/org/junit/runners/BlockJUnit4ClassRunner_runChild_2.java,100
/src/main/java/org/junit/runners/Suite_Suite_4.java,100
/src/main/java/org/junit/runners/Suite_getChildren_7.java,100
/src/main/java/org/junit/runners/BlockJUnit4ClassRunner_validateTestMethods_17.java,100
/src/main/java/org/junit/runners/ParentRunner_areAllChildrenIgnored_11.java,100
/src/main/java/org/junit/runners/ParentRunner_comparator_33.java,100
/src/main/java/org/junit/runners/BlockJUnit4ClassRunner_computeTestMethods_6.java,100
/src/main/java/org/junit/runners/ParentRunner_shouldNotReorder_29.java,100
/src/main/java/org/junit/runners/Suite_runChild_9.java,100
/src/main/java/org/junit/runners/ParentRunner_createTestClass_2.java,100
/src/main/java/org/junit/runners/ParentRunner_getRunnerAnnotations_23.java,100
/src/main/java/org/junit/runners/ParentRunner_shouldRun_32.java,100
/src/main/java/org/junit/runners/ParentRunner_runChildren_19.java,100
/src/main/java/org/junit/runners/BlockJUnit4ClassRunner_BlockJUnit4ClassRunner_0.java,100
/src/main/java/org/junit/runners/BlockJUnit4ClassRunner_validateFields_15.java,100
/src/main/java/org/junit/runners/BlockJUnit4ClassRunner_rules_28.java,100
/src/main/java/org/junit/runners/ParentRunner_isIgnored_18.java,100
/src/main/java/org/junit/runners/BlockJUnit4ClassRunner_validateNoNonStaticInnerClass_9.java,100
/src/main/java/org/junit/runners/Suite_Suite_3.java,100
/src/main/java/org/junit/runners/Parameterized_Parameterized_1.java,100
/src/main/java/org/junit/runners/BlockJUnit4ClassRunner_collectInitializationErrors_7.java,100
/src/main/java/org/junit/runners/BlockJUnit4ClassRunner_validatePublicConstructor_8.java,100
/src/main/java/org/junit/runners/ParentRunner_withAfterClasses_13.java,100
/src/main/java/org/junit/runners/ParentRunner_setScheduler_34.java,100
/src/main/java/org/junit/runners/ParentRunner_getDescription_24.java,100
/src/main/java/org/junit/runners/Suite_describeChild_8.java,100
/src/main/java/org/junit/runners/BlockJUnit4ClassRunner_getTimeout_31.java,100
/src/main/java/org/junit/runners/ParentRunner_ParentRunner_0.java,100
/src/main/java/org/junit/Assert_buildPrefix_70.java,100
/src/main/java/org/junit/Assert_assertNotEquals_17.java,100
/src/main/java/org/junit/Assert_assertNotNull_49.java,100
/src/main/java/org/junit/TestCouldNotBeSkippedException_TestCouldNotBeSkippedException_0.java,100
/src/main/java/org/junit/ComparisonFailure_getMessage_1.java,100
/src/main/java/org/junit/Assert_assertSame_55.java,100
/src/main/java/org/junit/Assert_assertArrayEquals_34.java,100
/src/main/java/org/junit/Assume_Assume_0.java,100
/src/main/java/org/junit/Assert_assertArrayEquals_22.java,100
/src/main/java/org/junit/ComparisonFailure_getActual_2.java,100
/src/main/java/org/junit/Assert_assertArrayEquals_32.java,100
/src/main/java/org/junit/Assert_assertNotNull_50.java,100
