java_file,nocl
/spring-amqp/.mvn/wrapper/MavenWrapperDownloader_downloadFileFromURL_1.java,0
/spring-amqp/src/main/java/org/springframework/amqp/tutorials/tut1/Tut1Config_receiver_1.java,0
/spring-amqp/src/main/java/org/springframework/amqp/tutorials/tut1/Tut1Config_sender_2.java,0
/spring-amqp/src/main/java/org/springframework/amqp/tutorials/tut1/Tut1Sender_send_0.java,0
/spring-amqp/src/main/java/org/springframework/amqp/tutorials/tut1/Tut1Receiver_receive_0.java,0
/spring-amqp/src/main/java/org/springframework/amqp/tutorials/tut1/Tut1Config_hello_0.java,0
/spring-amqp/src/main/java/org/springframework/amqp/tutorials/tut2/Tut2Config_hello_0.java,0
/spring-amqp/src/main/java/org/springframework/amqp/tutorials/tut2/Tut2Receiver_receive_1.java,0
/spring-amqp/src/main/java/org/springframework/amqp/tutorials/tut2/Tut2Sender_send_0.java,0
/spring-amqp/src/main/java/org/springframework/amqp/tutorials/tut2/Tut2Receiver_doWork_2.java,0
/spring-amqp/src/main/java/org/springframework/amqp/tutorials/tut2/Tut2Receiver_Tut2Receiver_0.java,0
/spring-amqp/src/main/java/org/springframework/amqp/tutorials/tut2/Tut2Config_sender_1.java,0
/spring-amqp/src/main/java/org/springframework/amqp/tutorials/RabbitAmqpTutorialsApplication_usage_0.java,0
/spring-amqp/src/main/java/org/springframework/amqp/tutorials/RabbitAmqpTutorialsApplication_tutorial_1.java,0
/spring-amqp/src/main/java/org/springframework/amqp/tutorials/tut4/Tut4Config_sender_1.java,0
/spring-amqp/src/main/java/org/springframework/amqp/tutorials/tut4/Tut4Config_direct_0.java,0
/spring-amqp/src/main/java/org/springframework/amqp/tutorials/tut4/Tut4Receiver_doWork_3.java,0
/spring-amqp/src/main/java/org/springframework/amqp/tutorials/tut4/Tut4Sender_send_0.java,0
/spring-amqp/src/main/java/org/springframework/amqp/tutorials/tut4/Tut4Receiver_receive1_0.java,0
/spring-amqp/src/main/java/org/springframework/amqp/tutorials/tut4/Tut4Receiver_receive_2.java,0
/spring-amqp/src/main/java/org/springframework/amqp/tutorials/tut4/Tut4Receiver_receive2_1.java,0
/spring-amqp/src/main/java/org/springframework/amqp/tutorials/RabbitAmqpTutorialsApplication_main_2.java,0
/spring-amqp/src/main/java/org/springframework/amqp/tutorials/tut3/Tut3Receiver_receive_2.java,0
/spring-amqp/src/main/java/org/springframework/amqp/tutorials/tut3/Tut3Sender_send_0.java,0
/spring-amqp/src/main/java/org/springframework/amqp/tutorials/tut3/Tut3Config_fanout_0.java,0
/spring-amqp/src/main/java/org/springframework/amqp/tutorials/tut3/Tut3Receiver_receive1_0.java,0
/spring-amqp/src/main/java/org/springframework/amqp/tutorials/tut3/Tut3Config_sender_1.java,0
/spring-amqp/src/main/java/org/springframework/amqp/tutorials/tut3/Tut3Receiver_receive2_1.java,0
/spring-amqp/src/main/java/org/springframework/amqp/tutorials/tut3/Tut3Receiver_doWork_3.java,0
/spring-amqp/src/main/java/org/springframework/amqp/tutorials/tut5/Tut5Config_topic_0.java,0
/spring-amqp/src/main/java/org/springframework/amqp/tutorials/tut5/Tut5Receiver_receive2_1.java,0
/spring-amqp/src/main/java/org/springframework/amqp/tutorials/tut5/Tut5Config_sender_1.java,0
/spring-amqp/src/main/java/org/springframework/amqp/tutorials/tut5/Tut5Receiver_receive1_0.java,0
/spring-amqp/src/main/java/org/springframework/amqp/tutorials/tut5/Tut5Receiver_receive_2.java,0
/spring-amqp/src/main/java/org/springframework/amqp/tutorials/tut5/Tut5Receiver_doWork_3.java,0
/spring-amqp/src/main/java/org/springframework/amqp/tutorials/tut6/Tut6Server_fib_1.java,0
/spring-amqp/src/main/java/org/springframework/amqp/tutorials/tut6/Tut6Server_fibonacci_0.java,0
/spring-amqp/src/main/java/org/springframework/amqp/tutorials/tut6/Tut6Client_send_0.java,0
/spring-amqp/src/main/java/org/springframework/amqp/tutorials/RabbitAmqpTutorialsRunner_run_0.java,0
/scala/.mvn/wrapper/MavenWrapperDownloader_downloadFileFromURL_1.java,0
/java/ReceiveLogHeader_main_0.java,11
/java/EmitLogTopic_joinStrings_3.java,0
/java/EmitLogTopic_main_0.java,0
/java/ReceiveLogs_main_0.java,0
/java/RPCServer_fib_0.java,0
/java/PublisherConfirms_publishMessagesInBatch_3.java,0
/java/EmitLogDirect_main_0.java,0
/java/PublisherConfirms_main_1.java,0
/java/PublisherConfirms_waitUntil_5.java,0
/java/EmitLogDirect_getMessage_2.java,0
/java/NewTask_main_0.java,0
/java/RPCServer_main_1.java,0
/java/ReceiveLogsTopic_main_0.java,0
/java/Worker_doWork_1.java,0
/java/EmitLog_main_0.java,0
/java/PublisherConfirms_handlePublishConfirmsAsynchronously_4.java,0
/java/EmitLogTopic_getMessage_2.java,0
/java/Send_main_0.java,0
/java/EmitLogDirect_joinStrings_3.java,0
/java/Recv_main_0.java,0
/java/PublisherConfirms_publishMessagesIndividually_2.java,0
/java/PublisherConfirms_createConnection_0.java,0
/java/Worker_main_0.java,0
/java/EmitLogHeader_main_0.java,13
/java/EmitLogDirect_getSeverity_1.java,0
/java/EmitLogTopic_getRouting_1.java,0
