java_file,nobl
/gateway/gateway-admin/src/main/java/com/springboot/cloud/gateway/admin/GatewayAdminApplication_main_0.java,0
/gateway/gateway-admin/src/main/java/com/springboot/cloud/gateway/admin/config/WebServerMvcConfigurerAdapter_addInterceptors_1.java,0
/gateway/gateway-admin/src/main/java/com/springboot/cloud/gateway/admin/config/WebServerMvcConfigurerAdapter_userInterceptor_0.java,0
/gateway/gateway-admin/src/main/java/com/springboot/cloud/gateway/admin/config/BusConfig_messageConverter_3.java,0
/gateway/gateway-admin/src/main/java/com/springboot/cloud/gateway/admin/config/MybatisConfig_paginationInterceptor_0.java,0
/gateway/gateway-admin/src/main/java/com/springboot/cloud/gateway/admin/config/BusConfig_binding_2.java,0
/gateway/gateway-admin/src/main/java/com/springboot/cloud/gateway/admin/config/BusConfig_queue_0.java,0
/gateway/gateway-admin/src/main/java/com/springboot/cloud/gateway/admin/config/SwaggerConfig_createRestApi_0.java,0
/gateway/gateway-admin/src/main/java/com/springboot/cloud/gateway/admin/config/SwaggerConfig_apiInfo_1.java,0
/gateway/gateway-admin/src/main/java/com/springboot/cloud/gateway/admin/config/BusConfig_exchange_1.java,0
/gateway/gateway-admin/src/main/java/com/springboot/cloud/gateway/admin/service/impl/GatewayRouteService_query_5.java,0
/gateway/gateway-admin/src/main/java/com/springboot/cloud/gateway/admin/service/impl/GatewayRouteService_get_4.java,0
/gateway/gateway-admin/src/main/java/com/springboot/cloud/gateway/admin/service/impl/GatewayRouteService_delete_1.java,0
/gateway/gateway-admin/src/main/java/com/springboot/cloud/gateway/admin/service/impl/GatewayRouteService_overload_6.java,0
/gateway/gateway-admin/src/main/java/com/springboot/cloud/gateway/admin/service/impl/GatewayRouteService_update_2.java,0
/gateway/gateway-admin/src/main/java/com/springboot/cloud/gateway/admin/service/impl/GatewayRouteService_gatewayRouteToRouteDefinition_3.java,0
/gateway/gateway-admin/src/main/java/com/springboot/cloud/gateway/admin/service/impl/GatewayRouteService_add_0.java,0
/gateway/gateway-admin/src/main/java/com/springboot/cloud/gateway/admin/rest/GatewayRouteController_overload_16.java,0
/gateway/gateway-admin/src/main/java/com/springboot/cloud/gateway/admin/entity/ov/GatewayRouteVo_GatewayRouteVo_0.java,0
/gateway/gateway-admin/src/main/java/com/springboot/cloud/gateway/admin/entity/form/GatewayRouteForm_toPo_0.java,0
/gateway/gateway-admin/src/main/java/com/springboot/cloud/gateway/admin/events/EventSender_init_0.java,0
/gateway/gateway-admin/src/main/java/com/springboot/cloud/gateway/admin/events/EventSender_send_1.java,0
/gateway/gateway-web/src/main/java/com/springboot/cloud/gateway/config/RequestRateLimiterConfig_userKeyResolver_2.java,0
/gateway/gateway-web/src/main/java/com/springboot/cloud/gateway/config/SwaggerProvider_swaggerResource_1.java,0
/gateway/gateway-web/src/main/java/com/springboot/cloud/gateway/config/BusConfig_messageConverter_5.java,0
/gateway/gateway-web/src/main/java/com/springboot/cloud/gateway/config/BusConfig_binding_2.java,0
/gateway/gateway-web/src/main/java/com/springboot/cloud/gateway/config/SwaggerHandler_uiConfiguration_2.java,0
/gateway/gateway-web/src/main/java/com/springboot/cloud/gateway/config/RequestRateLimiterConfig_remoteAddressKeyResolver_0.java,0
/gateway/gateway-web/src/main/java/com/springboot/cloud/gateway/config/SwaggerProvider_get_0.java,0
/gateway/gateway-web/src/main/java/com/springboot/cloud/gateway/config/SwaggerHandler_swaggerResources_3.java,0
/gateway/gateway-web/src/main/java/com/springboot/cloud/gateway/config/BusConfig_simpleMessageListenerContainer_3.java,0
/gateway/gateway-web/src/main/java/com/springboot/cloud/gateway/config/SwaggerHandler_SwaggerHandler_0.java,0
/gateway/gateway-web/src/main/java/com/springboot/cloud/gateway/config/DefaultRedisRateLimiter_isAllowed_3.java,0
/gateway/gateway-web/src/main/java/com/springboot/cloud/gateway/config/SwaggerHandler_securityConfiguration_1.java,0
/gateway/gateway-web/src/main/java/com/springboot/cloud/gateway/config/DefaultRedisRateLimiter_getDefaultConfig_0.java,0
/gateway/gateway-web/src/main/java/com/springboot/cloud/gateway/config/BusConfig_queue_0.java,0
/gateway/gateway-web/src/main/java/com/springboot/cloud/gateway/config/RequestRateLimiterConfig_apiKeyResolver_1.java,0
/gateway/gateway-web/src/main/java/com/springboot/cloud/gateway/config/BusConfig_messageListenerAdapter_4.java,0
/gateway/gateway-web/src/main/java/com/springboot/cloud/gateway/config/BusConfig_exchange_1.java,0
/gateway/gateway-web/src/main/java/com/springboot/cloud/gateway/service/impl/RouteService_save_2.java,0
/gateway/gateway-web/src/main/java/com/springboot/cloud/gateway/service/impl/RouteService_loadRouteDefinition_0.java,0
/gateway/gateway-web/src/main/java/com/springboot/cloud/gateway/service/impl/RouteService_delete_3.java,0
/gateway/gateway-web/src/main/java/com/springboot/cloud/gateway/service/impl/RouteService_getRouteDefinitions_1.java,0
/gateway/gateway-web/src/main/java/com/springboot/cloud/gateway/exception/GateWayExceptionHandlerAdvice_handle_8.java,0
/gateway/gateway-web/src/main/java/com/springboot/cloud/gateway/exception/GateWayExceptionHandlerAdvice_handle_6.java,0
/gateway/gateway-web/src/main/java/com/springboot/cloud/gateway/exception/GateWayExceptionHandlerAdvice_handle_2.java,0
/gateway/gateway-web/src/main/java/com/springboot/cloud/gateway/exception/GateWayExceptionHandlerAdvice_handle_0.java,0
/gateway/gateway-web/src/main/java/com/springboot/cloud/gateway/exception/GateWayExceptionHandlerAdvice_handle_1.java,0
/gateway/gateway-web/src/main/java/com/springboot/cloud/gateway/exception/GateWayExceptionHandlerAdvice_handle_3.java,0
/gateway/gateway-web/src/main/java/com/springboot/cloud/gateway/exception/GateWayExceptionHandlerAdvice_handle_4.java,0
/gateway/gateway-web/src/main/java/com/springboot/cloud/gateway/exception/ExceptionAutoConfiguration_errorWebExceptionHandler_1.java,0
/gateway/gateway-web/src/main/java/com/springboot/cloud/gateway/exception/GateWayExceptionHandlerAdvice_handle_5.java,0
/gateway/gateway-web/src/main/java/com/springboot/cloud/gateway/exception/GateWayExceptionHandlerAdvice_handle_7.java,0
/gateway/gateway-web/src/main/java/com/springboot/cloud/gateway/events/BusReceiver_handleMessage_0.java,0
/gateway/gateway-web/src/main/java/com/springboot/cloud/gateway/routes/RedisRouteDefinitionRepository_delete_2.java,0
/gateway/gateway-web/src/main/java/com/springboot/cloud/gateway/routes/RedisRouteDefinitionRepository_getRouteDefinitions_0.java,0
/gateway/gateway-web/src/main/java/com/springboot/cloud/gateway/routes/RedisRouteDefinitionRepository_save_1.java,0
/gateway/gateway-web/src/main/java/com/springboot/cloud/gateway/GatewayApplication_main_0.java,0
/gateway/gateway-web/src/main/java/com/springboot/cloud/gateway/filter/SwaggerHeaderFilter_filter_0.java,0
/gateway/gateway-web/src/main/java/com/springboot/cloud/gateway/filter/AccessGatewayFilter_filter_0.java,1
/gateway/gateway-web/src/main/java/com/springboot/cloud/gateway/filter/SwaggerHeaderFilter_getOrder_1.java,0
/gateway/gateway-web/src/main/java/com/springboot/cloud/gateway/filter/AccessGatewayFilter_getUserToken_1.java,0
/gateway/gateway-web/src/main/java/com/springboot/cloud/gateway/filter/AccessGatewayFilter_unauthorized_2.java,0
/sysadmin/organization/src/main/java/com/springboot/cloud/sysadmin/organization/config/WebServerMvcConfigurerAdapter_addInterceptors_1.java,0
/sysadmin/organization/src/main/java/com/springboot/cloud/sysadmin/organization/config/WebServerMvcConfigurerAdapter_userInterceptor_0.java,0
/sysadmin/organization/src/main/java/com/springboot/cloud/sysadmin/organization/config/BusConfig_messageConverter_3.java,0
/sysadmin/organization/src/main/java/com/springboot/cloud/sysadmin/organization/config/BusConfig_binding_2.java,0
/sysadmin/organization/src/main/java/com/springboot/cloud/sysadmin/organization/config/MybatisConfig_paginationInterceptor_1.java,0
/sysadmin/organization/src/main/java/com/springboot/cloud/sysadmin/organization/config/MybatisConfig_sqlInjector_0.java,0
/sysadmin/organization/src/main/java/com/springboot/cloud/sysadmin/organization/config/BusConfig_queue_0.java,0
/sysadmin/organization/src/main/java/com/springboot/cloud/sysadmin/organization/config/BusConfig_exchange_1.java,0
/sysadmin/organization/src/main/java/com/springboot/cloud/sysadmin/organization/service/impl/GroupService_delete_1.java,0
/sysadmin/organization/src/main/java/com/springboot/cloud/sysadmin/organization/service/impl/MenuService_queryByParentId_5.java,0
/sysadmin/organization/src/main/java/com/springboot/cloud/sysadmin/organization/service/impl/RoleService_getAll_4.java,0
/sysadmin/organization/src/main/java/com/springboot/cloud/sysadmin/organization/service/impl/PermissionService_update_2.java,0
/sysadmin/organization/src/main/java/com/springboot/cloud/sysadmin/organization/service/impl/GroupService_get_3.java,0
/sysadmin/organization/src/main/java/com/springboot/cloud/sysadmin/organization/service/impl/GroupService_add_0.java,0
/sysadmin/organization/src/main/java/com/springboot/cloud/sysadmin/organization/service/impl/GroupService_queryByUserName_6.java,2
/sysadmin/organization/src/main/java/com/springboot/cloud/sysadmin/organization/service/impl/RoleResourceService_removeByRoleId_1.java,0
/sysadmin/organization/src/main/java/com/springboot/cloud/sysadmin/organization/service/impl/GroupService_queryByParentId_5.java,0
/sysadmin/organization/src/main/java/com/springboot/cloud/sysadmin/organization/service/impl/MenuService_update_2.java,0
/sysadmin/organization/src/main/java/com/springboot/cloud/sysadmin/organization/service/impl/RoleService_query_6.java,0
/sysadmin/organization/src/main/java/com/springboot/cloud/sysadmin/organization/service/impl/PositionService_get_3.java,0
/sysadmin/organization/src/main/java/com/springboot/cloud/sysadmin/organization/service/impl/MenuService_delete_1.java,0
/sysadmin/organization/src/main/java/com/springboot/cloud/sysadmin/organization/service/impl/RoleService_query_5.java,0
/sysadmin/organization/src/main/java/com/springboot/cloud/sysadmin/organization/service/impl/PermissionService_delete_3.java,2
/sysadmin/organization/src/main/java/com/springboot/cloud/sysadmin/organization/service/impl/RoleService_delete_1.java,0
/sysadmin/organization/src/main/java/com/springboot/cloud/sysadmin/organization/service/impl/PositionService_add_0.java,0
/sysadmin/organization/src/main/java/com/springboot/cloud/sysadmin/organization/service/impl/PermissionService_queryByConditions_0.java,1
/sysadmin/organization/src/main/java/com/springboot/cloud/sysadmin/organization/service/impl/PermissionService_add_1.java,0
/sysadmin/organization/src/main/java/com/springboot/cloud/sysadmin/organization/service/impl/RoleService_get_3.java,0
/sysadmin/organization/src/main/java/com/springboot/cloud/sysadmin/organization/service/impl/RoleResourceService_saveBatch_0.java,0
/sysadmin/organization/src/main/java/com/springboot/cloud/sysadmin/organization/service/impl/RoleService_add_0.java,0
/sysadmin/organization/src/main/java/com/springboot/cloud/sysadmin/organization/service/impl/GroupService_query_4.java,0
/sysadmin/organization/src/main/java/com/springboot/cloud/sysadmin/organization/service/impl/RoleResourceService_queryByRoleIds_3.java,0
/sysadmin/organization/src/main/java/com/springboot/cloud/sysadmin/organization/service/impl/MenuService_query_4.java,0
/sysadmin/organization/src/main/java/com/springboot/cloud/sysadmin/organization/service/impl/GroupService_update_2.java,0
/sysadmin/organization/src/main/java/com/springboot/cloud/sysadmin/organization/service/impl/PositionService_delete_1.java,0
/sysadmin/organization/src/main/java/com/springboot/cloud/sysadmin/organization/service/impl/RoleResourceService_queryByRoleId_2.java,0
/sysadmin/organization/src/main/java/com/springboot/cloud/sysadmin/organization/service/impl/MenuService_get_3.java,0
/sysadmin/organization/src/main/java/com/springboot/cloud/sysadmin/organization/service/impl/RoleService_update_2.java,0
/sysadmin/organization/src/main/java/com/springboot/cloud/sysadmin/organization/service/impl/PositionService_query_4.java,0
/sysadmin/organization/src/main/java/com/springboot/cloud/sysadmin/organization/service/impl/MenuService_add_0.java,0
/sysadmin/organization/src/main/java/com/springboot/cloud/sysadmin/organization/service/impl/PositionService_update_2.java,0
/sysadmin/organization/src/main/java/com/springboot/cloud/sysadmin/organization/rest/ResourceController_queryAll_13.java,0
/sysadmin/organization/src/main/java/com/springboot/cloud/sysadmin/organization/rest/RoleController_get_11.java,0
/sysadmin/organization/src/main/java/com/springboot/cloud/sysadmin/organization/entity/vo/UserVo_UserVo_0.java,0
/sysadmin/organization/src/main/java/com/springboot/cloud/sysadmin/organization/exception/UserNotFoundException_UserNotFoundException_1.java,0
/sysadmin/organization/src/main/java/com/springboot/cloud/sysadmin/organization/exception/RoleNotFoundException_RoleNotFoundException_0.java,0
/sysadmin/organization/src/main/java/com/springboot/cloud/sysadmin/organization/exception/GlobalExceptionHandlerAdvice_userNotFound_0.java,0
/sysadmin/organization/src/main/java/com/springboot/cloud/sysadmin/organization/exception/RoleNotFoundException_RoleNotFoundException_1.java,0
/sysadmin/organization/src/main/java/com/springboot/cloud/sysadmin/organization/exception/UserNotFoundException_UserNotFoundException_0.java,0
/sysadmin/organization/src/main/java/com/springboot/cloud/sysadmin/organization/events/PermissionBusReceiver_removePermission_2.java,0
/sysadmin/organization/src/main/java/com/springboot/cloud/sysadmin/organization/events/EventSender_init_0.java,0
/sysadmin/organization/src/main/java/com/springboot/cloud/sysadmin/organization/events/PermissionBusReceiver_savePermission_1.java,0
/sysadmin/organization/src/main/java/com/springboot/cloud/sysadmin/organization/events/PermissionBusReceiver_handleMessage_0.java,0
/sysadmin/organization/src/main/java/com/springboot/cloud/sysadmin/organization/events/EventSender_send_1.java,0
/common/web/src/main/java/com/springboot/cloud/common/web/interceptor/UserInterceptor_checkToken_1.java,0
/common/web/src/main/java/com/springboot/cloud/common/web/interceptor/UserInterceptor_preHandle_0.java,0
/common/web/src/main/java/com/springboot/cloud/common/web/handler/PoMetaObjectHandler_insertFill_1.java,0
/common/web/src/main/java/com/springboot/cloud/common/web/handler/PoMetaObjectHandler_updateFill_2.java,0
/common/web/src/main/java/com/springboot/cloud/common/web/handler/PoMetaObjectHandler_getCurrentUsername_0.java,0
/common/web/src/main/java/com/springboot/cloud/common/web/entity/param/BaseParam_build_0.java,0
/common/web/src/main/java/com/springboot/cloud/common/web/redis/RedisConfig_objectMapper_2.java,0
/common/web/src/main/java/com/springboot/cloud/common/web/redis/RedisConfig_cacheManager_0.java,1
/common/web/src/main/java/com/springboot/cloud/common/web/redis/RedisConfig_jackson2JsonRedisSerializer_1.java,0
/common/test/src/main/java/com/springboot/cloud/common/test/PrivateHelper_PrivateHelper_0.java,0
/common/test/src/main/java/com/springboot/cloud/common/test/PrivateHelper_getInstance_1.java,0
/common/test/src/main/java/com/springboot/cloud/common/test/PrivateHelper_findMethod_3.java,0
/common/test/src/main/java/com/springboot/cloud/common/test/PrivateHelper_findMethod_4.java,0
/common/test/src/main/java/com/springboot/cloud/common/test/PrivateHelper_invokePrivateMethod_5.java,0
/common/test/src/main/java/com/springboot/cloud/common/test/PrivateHelper_setPrivateField_2.java,1
/common/core/src/main/java/com/springboot/cloud/common/core/exception/BaseException_BaseException_1.java,0
/common/core/src/main/java/com/springboot/cloud/common/core/exception/BaseException_BaseException_0.java,0
/common/core/src/main/java/com/springboot/cloud/common/core/exception/BaseException_BaseException_3.java,0
/common/core/src/main/java/com/springboot/cloud/common/core/exception/BaseException_BaseException_2.java,0
/common/core/src/main/java/com/springboot/cloud/common/core/util/UserContextHolder_clear_5.java,0
/common/core/src/main/java/com/springboot/cloud/common/core/util/UserContextHolder_setContext_2.java,0
/common/core/src/main/java/com/springboot/cloud/common/core/util/UserContextHolder_getUsername_4.java,0
/common/core/src/main/java/com/springboot/cloud/common/core/util/UserContextHolder_UserContextHolder_0.java,0
/common/core/src/main/java/com/springboot/cloud/common/core/util/UserContextHolder_getContext_3.java,0
/common/core/src/main/java/com/springboot/cloud/common/core/util/UserContextHolder_getInstance_1.java,0
/object-storage/file-service/src/main/java/com/springboot/cloud/file/service/MinIoFileServiceImpl_uploadFile_0.java,0
/object-storage/file-service/src/main/java/com/springboot/cloud/file/service/MinIoFileServiceImpl_getObject_2.java,0
/object-storage/file-service/src/main/java/com/springboot/cloud/file/service/MinIoFileServiceImpl_removeFile_1.java,0
/object-storage/file-service/src/main/java/com/springboot/cloud/file/configure/MinioConfigure_minioClient_2.java,0
/object-storage/file-service/src/main/java/com/springboot/cloud/file/exception/GlobalExceptionHandlerAdvice_uploadFileFailure_0.java,0
/object-storage/file-service/src/main/java/com/springboot/cloud/file/exception/MinioFileException_MinioFileException_2.java,0
/object-storage/file-service/src/main/java/com/springboot/cloud/file/exception/MinioFileException_MinioFileException_0.java,0
/object-storage/file-service/src/main/java/com/springboot/cloud/file/exception/MinioFileException_MinioFileException_1.java,0
/object-storage/file-service/src/main/java/com/springboot/cloud/file/FileServiceApplication_main_0.java,0
/object-storage/file-service/src/main/java/com/springboot/cloud/file/util/MinioFileUtil_createBucket_0.java,0
/object-storage/file-service/src/main/java/com/springboot/cloud/file/util/MinioFileUtil_uploadFile_1.java,0
/object-storage/file-service/src/main/java/com/springboot/cloud/file/util/MinioFileUtil_removeFile_2.java,0
/object-storage/file-service/src/main/java/com/springboot/cloud/file/util/MinioFileUtil_getObject_3.java,0
/demos/consumer-feign/src/main/java/com/springboot/cloud/demos/feign/FeignConsumerApplication_main_0.java,0
/demos/producer/src/main/java/com/springboot/cloud/demos/producer/interceptor/MyMetaObjectHandler_insertFill_0.java,0
/demos/producer/src/main/java/com/springboot/cloud/demos/producer/interceptor/MyMetaObjectHandler_updateFill_1.java,0
/demos/producer/src/main/java/com/springboot/cloud/demos/producer/interceptor/MyMetaObjectHandler_getUsername_2.java,0
/demos/producer/src/main/java/com/springboot/cloud/demos/producer/config/BusConfig_mqContainer_3.java,0
/demos/producer/src/main/java/com/springboot/cloud/demos/producer/config/WebServerMvcConfigurerAdapter_addInterceptors_1.java,0
/demos/producer/src/main/java/com/springboot/cloud/demos/producer/config/WebServerMvcConfigurerAdapter_userInterceptor_0.java,0
/demos/producer/src/main/java/com/springboot/cloud/demos/producer/config/BusConfig_binding_2.java,0
/demos/producer/src/main/java/com/springboot/cloud/demos/producer/config/MybatisConfig_sqlInjector_0.java,0
/demos/producer/src/main/java/com/springboot/cloud/demos/producer/config/BusConfig_queue_0.java,0
/demos/producer/src/main/java/com/springboot/cloud/demos/producer/config/SwaggerConfig_createRestApi_0.java,0
/demos/producer/src/main/java/com/springboot/cloud/demos/producer/config/SwaggerConfig_apiInfo_1.java,0
/demos/producer/src/main/java/com/springboot/cloud/demos/producer/config/BusConfig_exchange_1.java,0
/demos/producer/src/main/java/com/springboot/cloud/demos/producer/service/ProductService_update_2.java,0
/demos/producer/src/main/java/com/springboot/cloud/demos/producer/service/ProductService_get_3.java,0
/demos/producer/src/main/java/com/springboot/cloud/demos/producer/service/ProductService_query_4.java,0
/demos/producer/src/main/java/com/springboot/cloud/demos/producer/service/ProductService_add_0.java,0
/demos/producer/src/main/java/com/springboot/cloud/demos/producer/service/ProductService_delete_1.java,0
/demos/producer/src/main/java/com/springboot/cloud/demos/producer/events/BusReceiver_handleMessage_0.java,0
/demos/producer/src/main/java/com/springboot/cloud/demos/producer/events/RedisReceiver_handleMessage_0.java,0
/demos/producer/src/main/java/com/springboot/cloud/demos/producer/events/RabbitReceiver_process_0.java,0
/demos/producer/src/main/java/com/springboot/cloud/demos/producer/events/RedisReceiver_redisListenerAdapter_1.java,0
/demos/producer/src/main/java/com/springboot/cloud/demos/producer/events/BusSender_send_0.java,0
/demos/producer/src/main/java/com/springboot/cloud/demos/producer/events/BusReceiver_mqListenerAdapter_1.java,0
/demos/producer/src/main/java/com/springboot/cloud/demos/producer/ProducerApplication_main_0.java,0
/demos/consumer-ribbon/src/main/java/com/springboot/cloud/demos/ribbon/service/ClassService_usersFallback_2.java,0
/demos/consumer-ribbon/src/main/java/com/springboot/cloud/demos/ribbon/service/ClassService_users_1.java,0
/demos/consumer-ribbon/src/main/java/com/springboot/cloud/demos/ribbon/service/ClassService_usersFallback_3.java,0
/demos/consumer-ribbon/src/main/java/com/springboot/cloud/demos/ribbon/service/ClassService_users_0.java,0
/demos/consumer-ribbon/src/main/java/com/springboot/cloud/demos/ribbon/RibbonConsumerApplication_restTemplate_0.java,0
/demos/consumer-ribbon/src/main/java/com/springboot/cloud/demos/ribbon/RibbonConsumerApplication_main_1.java,0
/demos/producer-jpa/src/main/java/com/springboot/cloud/demos/producer/jpa/ProducerApplication_main_0.java,0
/monitor/admin/src/main/java/com/springboot/admin/AdminApplication_main_0.java,0
/auth/authentication-client/src/main/java/com/springboot/cloud/auth/client/service/impl/AuthService_hasPermission_4.java,0
/auth/authentication-client/src/main/java/com/springboot/cloud/auth/client/service/impl/AuthService_getJwt_5.java,0
/auth/authentication-client/src/main/java/com/springboot/cloud/auth/client/service/impl/AuthService_hasPermission_3.java,0
/auth/authentication-client/src/main/java/com/springboot/cloud/auth/client/service/impl/AuthService_invalidJwtAccessToken_6.java,0
/auth/authentication-client/src/main/java/com/springboot/cloud/auth/client/service/impl/AuthService_authenticate_1.java,0
/auth/authentication-client/src/main/java/com/springboot/cloud/auth/client/service/impl/AuthService_dataAuthenticate_0.java,0
/auth/authentication-client/src/main/java/com/springboot/cloud/auth/client/service/impl/AuthService_ignoreAuthentication_2.java,0
/auth/authentication-server/src/main/java/com/springboot/cloud/auth/authentication/config/ResourceServerConfig_configure_0.java,0
/auth/authentication-server/src/main/java/com/springboot/cloud/auth/authentication/config/ResourceServerConfig_tokenStore_2.java,0
/auth/authentication-server/src/main/java/com/springboot/cloud/auth/authentication/config/ResourceServerConfig_accessTokenConverter_3.java,0
/auth/authentication-server/src/main/java/com/springboot/cloud/auth/authentication/config/BusConfig_resourceQueue_0.java,0
/auth/authentication-server/src/main/java/com/springboot/cloud/auth/authentication/config/BusConfig_exchange_1.java,0
/auth/authentication-server/src/main/java/com/springboot/cloud/auth/authentication/config/ResourceServerConfig_configure_1.java,0
/auth/authentication-server/src/main/java/com/springboot/cloud/auth/authentication/config/BusConfig_resourceMessageConverter_9.java,0
/auth/authentication-server/src/main/java/com/springboot/cloud/auth/authentication/config/LoadResourceDefine_resourceConfigAttributes_0.java,0
/auth/authentication-server/src/main/java/com/springboot/cloud/auth/authentication/service/NewMvcRequestMatcher_equals_1.java,0
/auth/authentication-server/src/main/java/com/springboot/cloud/auth/authentication/service/NewMvcRequestMatcher_NewMvcRequestMatcher_0.java,0
/auth/authentication-server/src/main/java/com/springboot/cloud/auth/authentication/service/impl/ResourceService_loadResource_2.java,0
/auth/authentication-server/src/main/java/com/springboot/cloud/auth/authentication/service/impl/ResourceService_saveResource_0.java,0
/auth/authentication-server/src/main/java/com/springboot/cloud/auth/authentication/service/impl/GroupService_queryGroupsByUsername_0.java,0
/auth/authentication-server/src/main/java/com/springboot/cloud/auth/authentication/service/impl/ResourceService_findConfigAttributesByUrl_3.java,0
/auth/authentication-server/src/main/java/com/springboot/cloud/auth/authentication/service/impl/ResourceService_removeResource_1.java,0
/auth/authentication-server/src/main/java/com/springboot/cloud/auth/authentication/service/impl/ResourceService_newMvcRequestMatcher_5.java,0
/auth/authentication-server/src/main/java/com/springboot/cloud/auth/authentication/service/impl/PermissionService_queryPermissionsByGroupCode_0.java,0
/auth/authentication-server/src/main/java/com/springboot/cloud/auth/authentication/service/impl/ResourceService_queryByUsername_4.java,0
/auth/authentication-server/src/main/java/com/springboot/cloud/auth/authentication/service/NewMvcRequestMatcher_hashCode_2.java,0
/auth/authentication-server/src/main/java/com/springboot/cloud/auth/authentication/rest/HttpServletRequestAuthWrapper_getMethod_1.java,0
/auth/authentication-server/src/main/java/com/springboot/cloud/auth/authentication/rest/HttpServletRequestAuthWrapper_HttpServletRequestAuthWrapper_0.java,0
/auth/authentication-server/src/main/java/com/springboot/cloud/auth/authentication/rest/HttpServletRequestAuthWrapper_getServletPath_2.java,0
/auth/authentication-server/src/main/java/com/springboot/cloud/auth/authentication/Oauth2AuthenticationApplication_main_0.java,0
/auth/authentication-server/src/main/java/com/springboot/cloud/auth/authentication/events/ResourceBusReceiver_handleMessage_0.java,0
/auth/authentication-server/src/main/java/com/springboot/cloud/auth/authentication/provider/ResourceProviderFallback_resources_1.java,0
/auth/authentication-server/src/main/java/com/springboot/cloud/auth/authentication/provider/ResourceProviderFallback_groups_3.java,0
/auth/authentication-server/src/main/java/com/springboot/cloud/auth/authentication/provider/ResourceProviderFallback_permissions_2.java,0
/auth/authentication-server/src/main/java/com/springboot/cloud/auth/authentication/provider/ResourceProviderFallback_resources_0.java,0
/auth/authorization-server/src/main/java/com/springboot/auth/authorization/config/AuthorizationServerConfig_configure_1.java,0
/auth/authorization-server/src/main/java/com/springboot/auth/authorization/config/WebServerSecurityConfig_mobileAuthenticationProvider_4.java,0
/auth/authorization-server/src/main/java/com/springboot/auth/authorization/config/AuthorizationServerConfig_tokenEnhancerChain_7.java,0
/auth/authorization-server/src/main/java/com/springboot/auth/authorization/config/WebServerSecurityConfig_authenticationManagerBean_2.java,0
/auth/authorization-server/src/main/java/com/springboot/auth/authorization/config/AuthorizationServerConfig_tokenStore_6.java,0
/auth/authorization-server/src/main/java/com/springboot/auth/authorization/config/AuthorizationServerConfig_approvalStore_4.java,0
/auth/authorization-server/src/main/java/com/springboot/auth/authorization/config/WebServerSecurityConfig_configure_0.java,0
/auth/authorization-server/src/main/java/com/springboot/auth/authorization/config/AuthorizationServerConfig_configure_0.java,0
/auth/authorization-server/src/main/java/com/springboot/auth/authorization/config/AuthorizationServerConfig_authorizationCodeServices_5.java,0
/auth/authorization-server/src/main/java/com/springboot/auth/authorization/config/AuthorizationServerConfig_tokenGranter_9.java,0
/auth/authorization-server/src/main/java/com/springboot/auth/authorization/config/WebServerSecurityConfig_passwordEncoder_3.java,0
/auth/authorization-server/src/main/java/com/springboot/auth/authorization/config/AuthorizationServerConfig_configure_2.java,1
/auth/authorization-server/src/main/java/com/springboot/auth/authorization/config/AuthorizationServerConfig_customExceptionTranslator_3.java,0
/auth/authorization-server/src/main/java/com/springboot/auth/authorization/config/AuthorizationServerConfig_accessTokenConverter_8.java,0
/auth/authorization-server/src/main/java/com/springboot/auth/authorization/config/WebServerSecurityConfig_configure_1.java,0
/auth/authorization-server/src/main/java/com/springboot/auth/authorization/service/impl/RoleService_queryUserRolesByUserId_0.java,0
/auth/authorization-server/src/main/java/com/springboot/auth/authorization/service/impl/UserService_getByUniqueId_0.java,0
/auth/authorization-server/src/main/java/com/springboot/auth/authorization/Oauth2AuthorizationApplication_main_0.java,0
/auth/authorization-server/src/main/java/com/springboot/auth/authorization/oauth2/CustomUserDetailsService_obtainGrantedAuthorities_1.java,0
/auth/authorization-server/src/main/java/com/springboot/auth/authorization/oauth2/enhancer/CustomTokenEnhancer_enhance_0.java,0
/auth/authorization-server/src/main/java/com/springboot/auth/authorization/oauth2/CustomUserDetailsService_loadUserByUsername_0.java,2
/auth/authorization-server/src/main/java/com/springboot/auth/authorization/oauth2/MobileUserDetailsService_loadUserByUsername_0.java,3
/auth/authorization-server/src/main/java/com/springboot/auth/authorization/oauth2/granter/MobileTokenGranter_getOAuth2Authentication_1.java,2
/auth/authorization-server/src/main/java/com/springboot/auth/authorization/oauth2/granter/MobileAuthenticationToken_MobileAuthenticationToken_0.java,0
/auth/authorization-server/src/main/java/com/springboot/auth/authorization/exception/CustomOauthException_CustomOauthException_0.java,0
/auth/authorization-server/src/main/java/com/springboot/auth/authorization/exception/CustomWebResponseExceptionTranslator_translate_0.java,1
/auth/authorization-server/src/main/java/com/springboot/auth/authorization/exception/CustomOauthExceptionSerializer_CustomOauthExceptionSerializer_0.java,0
/auth/authorization-server/src/main/java/com/springboot/auth/authorization/exception/CustomOauthExceptionSerializer_serialize_1.java,0
/auth/authorization-server/src/main/java/com/springboot/auth/authorization/provider/OrganizationProviderFallback_getUserByUniqueId_0.java,0
/auth/authorization-server/src/main/java/com/springboot/auth/authorization/provider/SmsCodeProviderFallback_getSmsCode_0.java,0
/auth/authorization-server/src/main/java/com/springboot/auth/authorization/provider/OrganizationProviderFallback_queryRolesByUserId_1.java,0
/center/bus/src/main/java/com/springboot/cloud/center/bus/BusApplication_main_0.java,0
