java_file,loc
/kernel/src/main/java/org/apache/shardingsphere/elasticjob/kernel/executor/ElasticJobExecutor_process_6.java,17
/kernel/src/main/java/org/apache/shardingsphere/elasticjob/kernel/executor/threadpool/ExecutorServiceReloader_reloadIfNecessary_1.java,7
/kernel/src/main/java/org/apache/shardingsphere/elasticjob/kernel/executor/threadpool/ElasticJobExecutorService_isShutdown_2.java,3
/kernel/src/main/java/org/apache/shardingsphere/elasticjob/kernel/executor/threadpool/ElasticJobExecutorService_createExecutorService_1.java,3
/kernel/src/main/java/org/apache/shardingsphere/elasticjob/kernel/executor/threadpool/ExecutorServiceReloader_ExecutorServiceReloader_0.java,3
/kernel/src/main/java/org/apache/shardingsphere/elasticjob/kernel/executor/threadpool/ExecutorServiceReloader_init_2.java,5
/kernel/src/main/java/org/apache/shardingsphere/elasticjob/kernel/executor/threadpool/ElasticJobExecutorService_ElasticJobExecutorService_0.java,6
/kernel/src/main/java/org/apache/shardingsphere/elasticjob/kernel/executor/threadpool/ExecutorServiceReloader_close_3.java,3
/kernel/src/main/java/org/apache/shardingsphere/elasticjob/kernel/executor/threadpool/ElasticJobExecutorService_getWorkQueueSize_4.java,3
/kernel/src/main/java/org/apache/shardingsphere/elasticjob/kernel/executor/threadpool/ElasticJobExecutorService_getActiveThreadCount_3.java,3
/kernel/src/main/java/org/apache/shardingsphere/elasticjob/kernel/executor/threadpool/type/SingleThreadJobExecutorThreadPoolSizeProvider_getSize_0.java,3
/kernel/src/main/java/org/apache/shardingsphere/elasticjob/kernel/executor/threadpool/type/SingleThreadJobExecutorThreadPoolSizeProvider_getType_1.java,3
/kernel/src/main/java/org/apache/shardingsphere/elasticjob/kernel/executor/ElasticJobExecutor_shutdown_7.java,4
/kernel/src/main/java/org/apache/shardingsphere/elasticjob/kernel/executor/error/handler/JobErrorHandlerReloader_reloadIfNecessary_1.java,7
/kernel/src/main/java/org/apache/shardingsphere/elasticjob/kernel/executor/error/handler/JobErrorHandlerReloader_JobErrorHandlerReloader_0.java,3
/kernel/src/main/java/org/apache/shardingsphere/elasticjob/kernel/executor/error/handler/JobErrorHandlerReloader_init_2.java,4
/kernel/src/main/java/org/apache/shardingsphere/elasticjob/kernel/executor/error/handler/JobErrorHandlerReloader_close_3.java,3
/kernel/src/main/java/org/apache/shardingsphere/elasticjob/kernel/executor/ElasticJobExecutor_ElasticJobExecutor_2.java,9
/kernel/src/main/java/org/apache/shardingsphere/elasticjob/kernel/executor/ElasticJobExecutor_ElasticJobExecutor_1.java,3
/kernel/src/main/java/org/apache/shardingsphere/elasticjob/kernel/executor/ElasticJobExecutor_execute_4.java,20
/kernel/src/main/java/org/apache/shardingsphere/elasticjob/kernel/executor/ElasticJobExecutor_ElasticJobExecutor_0.java,3
/kernel/src/main/java/org/apache/shardingsphere/elasticjob/kernel/executor/ElasticJobExecutor_process_5.java,29
/kernel/src/main/java/org/apache/shardingsphere/elasticjob/kernel/executor/ElasticJobExecutor_execute_3.java,35
/kernel/src/main/java/org/apache/shardingsphere/elasticjob/kernel/executor/facade/JobFacade_checkJobExecutionEnvironment_2.java,3
/kernel/src/main/java/org/apache/shardingsphere/elasticjob/kernel/executor/facade/JobFacade_registerJobBegin_4.java,3
/kernel/src/main/java/org/apache/shardingsphere/elasticjob/kernel/executor/facade/JobFacade_getJobRuntimeService_15.java,3
/kernel/src/main/java/org/apache/shardingsphere/elasticjob/kernel/executor/facade/JobFacade_postJobStatusTraceEvent_14.java,8
/kernel/src/main/java/org/apache/shardingsphere/elasticjob/kernel/executor/facade/JobFacade_beforeJobExecuted_11.java,5
/kernel/src/main/java/org/apache/shardingsphere/elasticjob/kernel/executor/facade/JobFacade_isExecuteMisfired_9.java,3
/kernel/src/main/java/org/apache/shardingsphere/elasticjob/kernel/executor/facade/JobFacade_misfireIfRunning_7.java,3
/kernel/src/main/java/org/apache/shardingsphere/elasticjob/kernel/executor/facade/JobJobRuntimeServiceImpl_isNeedSharding_0.java,3
/kernel/src/main/java/org/apache/shardingsphere/elasticjob/kernel/executor/facade/JobFacade_afterJobExecuted_12.java,5
/kernel/src/main/java/org/apache/shardingsphere/elasticjob/kernel/executor/facade/JobFacade_postJobExecutionEvent_13.java,3
/kernel/src/main/java/org/apache/shardingsphere/elasticjob/kernel/executor/facade/JobFacade_registerJobCompleted_5.java,6
/kernel/src/main/java/org/apache/shardingsphere/elasticjob/kernel/executor/facade/JobFacade_isNeedSharding_10.java,3
/kernel/src/main/java/org/apache/shardingsphere/elasticjob/kernel/executor/facade/JobFacade_loadJobConfiguration_1.java,3
/kernel/src/main/java/org/apache/shardingsphere/elasticjob/kernel/executor/facade/JobFacade_clearMisfire_8.java,3
/kernel/src/main/java/org/apache/shardingsphere/elasticjob/kernel/executor/facade/JobFacade_getShardingContexts_6.java,16
/kernel/src/main/java/org/apache/shardingsphere/elasticjob/kernel/executor/facade/JobFacade_failoverIfNecessary_3.java,5
/kernel/src/main/java/org/apache/shardingsphere/elasticjob/kernel/executor/facade/JobFacade_JobFacade_0.java,9
/kernel/src/main/java/org/apache/shardingsphere/elasticjob/kernel/infra/exception/JobConfigurationException_JobConfigurationException_0.java,3
/kernel/src/main/java/org/apache/shardingsphere/elasticjob/kernel/infra/exception/ExceptionUtils_transform_0.java,10
/kernel/src/main/java/org/apache/shardingsphere/elasticjob/kernel/infra/exception/JobConfigurationException_JobConfigurationException_1.java,3
/kernel/src/main/java/org/apache/shardingsphere/elasticjob/kernel/infra/exception/PropertiesPreconditions_checkRequired_0.java,3
/kernel/src/main/java/org/apache/shardingsphere/elasticjob/kernel/infra/exception/PropertiesPreconditions_checkPositiveInteger_1.java,13
/kernel/src/main/java/org/apache/shardingsphere/elasticjob/kernel/infra/yaml/YamlEngine_marshal_0.java,3
/kernel/src/main/java/org/apache/shardingsphere/elasticjob/kernel/infra/yaml/representer/DefaultYamlTupleProcessor_isEmptyCollectionNode_3.java,3
/kernel/src/main/java/org/apache/shardingsphere/elasticjob/kernel/infra/yaml/representer/DefaultYamlTupleProcessor_isUnsetNodeTuple_1.java,3
/kernel/src/main/java/org/apache/shardingsphere/elasticjob/kernel/infra/yaml/representer/DefaultYamlTupleProcessor_isEmptySequenceNode_4.java,3
/kernel/src/main/java/org/apache/shardingsphere/elasticjob/kernel/infra/yaml/representer/DefaultYamlTupleProcessor_isEmptyMappingNode_5.java,3
/kernel/src/main/java/org/apache/shardingsphere/elasticjob/kernel/infra/yaml/representer/DefaultYamlTupleProcessor_process_0.java,3
/kernel/src/main/java/org/apache/shardingsphere/elasticjob/kernel/infra/yaml/representer/DefaultYamlTupleProcessor_isNullNode_2.java,3
/kernel/src/main/java/org/apache/shardingsphere/elasticjob/kernel/infra/yaml/YamlEngine_unmarshal_1.java,5
/kernel/src/main/java/org/apache/shardingsphere/elasticjob/kernel/infra/time/TimeService_getCurrentMillis_0.java,3
/kernel/src/main/java/org/apache/shardingsphere/elasticjob/kernel/infra/env/IpUtils_isPreferredNetworkInterface_3.java,4
/kernel/src/main/java/org/apache/shardingsphere/elasticjob/kernel/infra/env/IpUtils_isIp6Address_7.java,3
/kernel/src/main/java/org/apache/shardingsphere/elasticjob/kernel/infra/env/IpUtils_findNetworkInterface_1.java,27
/kernel/src/main/java/org/apache/shardingsphere/elasticjob/kernel/infra/env/IpUtils_isPreferredAddress_5.java,8
/kernel/src/main/java/org/apache/shardingsphere/elasticjob/kernel/infra/env/IpUtils_getHostName_8.java,11
/kernel/src/main/java/org/apache/shardingsphere/elasticjob/kernel/infra/env/HostException_HostException_0.java,3
/kernel/src/main/java/org/apache/shardingsphere/elasticjob/kernel/infra/env/IpUtils_ignoreNetworkInterface_4.java,10
/kernel/src/main/java/org/apache/shardingsphere/elasticjob/kernel/infra/env/HostException_HostException_1.java,3
/kernel/src/main/java/org/apache/shardingsphere/elasticjob/kernel/infra/env/IpUtils_getFirstNetworkInterface_2.java,17
/kernel/src/main/java/org/apache/shardingsphere/elasticjob/kernel/infra/env/IpUtils_isValidAddress_6.java,8
/kernel/src/main/java/org/apache/shardingsphere/elasticjob/kernel/infra/env/IpUtils_getIp_0.java,17
/kernel/src/main/java/org/apache/shardingsphere/elasticjob/kernel/infra/util/SensitiveInfoUtils_filterSensitiveIps_0.java,20
/kernel/src/main/java/org/apache/shardingsphere/elasticjob/kernel/infra/util/BlockUtils_waitingShortTime_0.java,7
/kernel/src/main/java/org/apache/shardingsphere/elasticjob/kernel/infra/json/GsonFactory_getGson_0.java,3
/kernel/src/main/java/org/apache/shardingsphere/elasticjob/kernel/tracing/config/TracingConfiguration_TracingConfiguration_0.java,5
/kernel/src/main/java/org/apache/shardingsphere/elasticjob/kernel/tracing/exception/TracingStorageUnavailableException_TracingStorageUnavailableException_0.java,3
/kernel/src/main/java/org/apache/shardingsphere/elasticjob/kernel/tracing/yaml/YamlTracingConfigurationConverter_convertTracingStorageConfiguration_1.java,3
/kernel/src/main/java/org/apache/shardingsphere/elasticjob/kernel/tracing/yaml/YamlTracingConfigurationConverter_getType_2.java,3
/kernel/src/main/java/org/apache/shardingsphere/elasticjob/kernel/tracing/yaml/YamlTracingConfigurationConverter_convertToYamlConfiguration_0.java,6
/kernel/src/main/java/org/apache/shardingsphere/elasticjob/kernel/tracing/yaml/YamlTracingConfiguration_toConfiguration_0.java,3
/kernel/src/main/java/org/apache/shardingsphere/elasticjob/kernel/tracing/event/JobTracingEventBus_post_4.java,5
/kernel/src/main/java/org/apache/shardingsphere/elasticjob/kernel/tracing/event/JobTracingEventBus_register_3.java,12
/kernel/src/main/java/org/apache/shardingsphere/elasticjob/kernel/tracing/event/JobTracingEventBus_createExecutorService_2.java,6
/kernel/src/main/java/org/apache/shardingsphere/elasticjob/kernel/tracing/event/JobTracingEventBus_JobTracingEventBus_0.java,3
/kernel/src/main/java/org/apache/shardingsphere/elasticjob/kernel/tracing/event/JobTracingEventBus_JobTracingEventBus_1.java,4
/kernel/src/main/java/org/apache/shardingsphere/elasticjob/kernel/tracing/storage/TracingStorageConverterFactory_findConverter_0.java,4
/kernel/src/main/java/org/apache/shardingsphere/elasticjob/kernel/listener/AbstractDistributeOnceElasticJobListener_notifyWaitingTaskComplete_7.java,5
/kernel/src/main/java/org/apache/shardingsphere/elasticjob/kernel/listener/AbstractDistributeOnceElasticJobListener_notifyWaitingTaskStart_6.java,5
/kernel/src/main/java/org/apache/shardingsphere/elasticjob/kernel/listener/AbstractDistributeOnceElasticJobListener_beforeJobExecuted_1.java,26
/kernel/src/main/java/org/apache/shardingsphere/elasticjob/kernel/listener/AbstractDistributeOnceElasticJobListener_afterJobExecuted_2.java,26
/kernel/src/main/java/org/apache/shardingsphere/elasticjob/kernel/listener/AbstractDistributeOnceElasticJobListener_handleTimeout_3.java,3
/kernel/src/main/java/org/apache/shardingsphere/elasticjob/kernel/listener/AbstractDistributeOnceElasticJobListener_AbstractDistributeOnceElasticJobListener_0.java,4
/kernel/src/main/java/org/apache/shardingsphere/elasticjob/kernel/internal/config/ConfigurationService_load_1.java,16
/kernel/src/main/java/org/apache/shardingsphere/elasticjob/kernel/internal/config/ConfigurationNode_ConfigurationNode_0.java,3
/kernel/src/main/java/org/apache/shardingsphere/elasticjob/kernel/internal/config/JobConfigurationPOJO_fromJobConfiguration_1.java,27
/kernel/src/main/java/org/apache/shardingsphere/elasticjob/kernel/internal/config/RescheduleListenerManager_RescheduleListenerManager_0.java,5
/kernel/src/main/java/org/apache/shardingsphere/elasticjob/kernel/internal/config/RescheduleListenerManager_start_1.java,3
/kernel/src/main/java/org/apache/shardingsphere/elasticjob/kernel/internal/config/ConfigurationService_checkConflictJob_3.java,10
/kernel/src/main/java/org/apache/shardingsphere/elasticjob/kernel/internal/config/ConfigurationService_ConfigurationService_0.java,4
/kernel/src/main/java/org/apache/shardingsphere/elasticjob/kernel/internal/config/ConfigurationService_setUpJobConfiguration_2.java,9
/kernel/src/main/java/org/apache/shardingsphere/elasticjob/kernel/internal/config/ConfigurationService_checkMaxTimeDiffSecondsTolerable_4.java,11
/kernel/src/main/java/org/apache/shardingsphere/elasticjob/kernel/internal/config/ConfigurationNode_isConfigPath_1.java,3
/kernel/src/main/java/org/apache/shardingsphere/elasticjob/kernel/internal/config/JobConfigurationPOJO_toJobConfiguration_0.java,14
/kernel/src/main/java/org/apache/shardingsphere/elasticjob/kernel/internal/failover/FailoverListenerManager_FailoverListenerManager_0.java,11
/kernel/src/main/java/org/apache/shardingsphere/elasticjob/kernel/internal/failover/FailoverListenerManager_start_1.java,5
/kernel/src/main/java/org/apache/shardingsphere/elasticjob/kernel/internal/failover/FailoverListenerManager_isFailoverEnabled_2.java,3
/kernel/src/main/java/org/apache/shardingsphere/elasticjob/kernel/internal/guarantee/GuaranteeService_isAllStarted_3.java,4
/kernel/src/main/java/org/apache/shardingsphere/elasticjob/kernel/internal/guarantee/GuaranteeService_registerComplete_5.java,5
/kernel/src/main/java/org/apache/shardingsphere/elasticjob/kernel/internal/guarantee/GuaranteeService_isRegisterCompleteSuccess_6.java,8
/kernel/src/main/java/org/apache/shardingsphere/elasticjob/kernel/internal/guarantee/GuaranteeService_isRegisterStartSuccess_2.java,8
/kernel/src/main/java/org/apache/shardingsphere/elasticjob/kernel/internal/guarantee/GuaranteeService_clearAllCompletedInfo_8.java,3
/kernel/src/main/java/org/apache/shardingsphere/elasticjob/kernel/internal/guarantee/GuaranteeService_isAllCompleted_7.java,4
/kernel/src/main/java/org/apache/shardingsphere/elasticjob/kernel/internal/guarantee/GuaranteeService_registerStart_1.java,5
/kernel/src/main/java/org/apache/shardingsphere/elasticjob/kernel/internal/guarantee/GuaranteeService_clearAllStartedInfo_4.java,3
/kernel/src/main/java/org/apache/shardingsphere/elasticjob/kernel/internal/guarantee/GuaranteeListenerManager_start_1.java,4
/kernel/src/main/java/org/apache/shardingsphere/elasticjob/kernel/internal/guarantee/GuaranteeService_GuaranteeService_0.java,4
/kernel/src/main/java/org/apache/shardingsphere/elasticjob/kernel/internal/guarantee/GuaranteeListenerManager_GuaranteeListenerManager_0.java,5
/kernel/src/main/java/org/apache/shardingsphere/elasticjob/kernel/internal/election/LeaderService_LeaderService_0.java,5
/kernel/src/main/java/org/apache/shardingsphere/elasticjob/kernel/internal/election/LeaderService_isLeaderUntilBlock_2.java,10
/kernel/src/main/java/org/apache/shardingsphere/elasticjob/kernel/internal/election/LeaderService_electLeader_1.java,5
/kernel/src/main/java/org/apache/shardingsphere/elasticjob/kernel/internal/election/LeaderService_removeLeader_5.java,3
/kernel/src/main/java/org/apache/shardingsphere/elasticjob/kernel/internal/election/LeaderService_isLeader_3.java,3
/kernel/src/main/java/org/apache/shardingsphere/elasticjob/kernel/internal/election/LeaderNode_LeaderNode_0.java,3
/kernel/src/main/java/org/apache/shardingsphere/elasticjob/kernel/internal/election/ElectionListenerManager_start_1.java,4
/kernel/src/main/java/org/apache/shardingsphere/elasticjob/kernel/internal/election/LeaderService_hasLeader_4.java,3
/kernel/src/main/java/org/apache/shardingsphere/elasticjob/kernel/internal/election/LeaderNode_isLeaderInstancePath_1.java,3
/kernel/src/main/java/org/apache/shardingsphere/elasticjob/kernel/internal/election/ElectionListenerManager_ElectionListenerManager_0.java,8
/kernel/src/main/java/org/apache/shardingsphere/elasticjob/kernel/internal/snapshot/SnapshotService_outputMessage_8.java,4
/kernel/src/main/java/org/apache/shardingsphere/elasticjob/kernel/internal/snapshot/SnapshotService_close_9.java,10
/kernel/src/main/java/org/apache/shardingsphere/elasticjob/kernel/internal/snapshot/SnapshotService_dumpDirectly_5.java,22
/kernel/src/main/java/org/apache/shardingsphere/elasticjob/kernel/internal/snapshot/SnapshotService_dumpJob_7.java,16
/kernel/src/main/java/org/apache/shardingsphere/elasticjob/kernel/internal/snapshot/SnapshotService_openSocket_2.java,19
/kernel/src/main/java/org/apache/shardingsphere/elasticjob/kernel/internal/snapshot/SnapshotService_listen_1.java,7
/kernel/src/main/java/org/apache/shardingsphere/elasticjob/kernel/internal/snapshot/SnapshotService_isIgnoredException_3.java,3
/kernel/src/main/java/org/apache/shardingsphere/elasticjob/kernel/internal/snapshot/SnapshotService_process_4.java,13
/kernel/src/main/java/org/apache/shardingsphere/elasticjob/kernel/internal/snapshot/SnapshotService_dumpJobDirectly_6.java,6
/kernel/src/main/java/org/apache/shardingsphere/elasticjob/kernel/internal/snapshot/SnapshotService_SnapshotService_0.java,5
/kernel/src/main/java/org/apache/shardingsphere/elasticjob/kernel/internal/context/TaskContext_TaskContext_2.java,6
/kernel/src/main/java/org/apache/shardingsphere/elasticjob/kernel/internal/context/TaskContext_TaskContext_0.java,3
/kernel/src/main/java/org/apache/shardingsphere/elasticjob/kernel/internal/context/TaskContext_setSlaveId_5.java,4
/kernel/src/main/java/org/apache/shardingsphere/elasticjob/kernel/internal/context/TaskContext_from_3.java,5
/kernel/src/main/java/org/apache/shardingsphere/elasticjob/kernel/internal/context/TaskContext_TaskContext_1.java,6
/kernel/src/main/java/org/apache/shardingsphere/elasticjob/kernel/internal/context/TaskContext_getExecutorId_7.java,3
/kernel/src/main/java/org/apache/shardingsphere/elasticjob/kernel/internal/context/TaskContext_getIdForUnassignedSlave_4.java,3
/kernel/src/main/java/org/apache/shardingsphere/elasticjob/kernel/internal/context/TaskContext_getTaskName_6.java,3
/kernel/src/main/java/org/apache/shardingsphere/elasticjob/kernel/internal/setup/SetUpFacade_tearDown_2.java,7
/kernel/src/main/java/org/apache/shardingsphere/elasticjob/kernel/internal/setup/DefaultJobClassNameProvider_trimLambdaClassSuffix_2.java,3
/kernel/src/main/java/org/apache/shardingsphere/elasticjob/kernel/internal/setup/DefaultJobClassNameProvider_isLambdaClass_1.java,3
/kernel/src/main/java/org/apache/shardingsphere/elasticjob/kernel/internal/setup/DefaultJobClassNameProvider_getJobClassName_0.java,5
/kernel/src/main/java/org/apache/shardingsphere/elasticjob/kernel/internal/setup/JobClassNameProviderFactory_getProvider_0.java,4
/kernel/src/main/java/org/apache/shardingsphere/elasticjob/kernel/internal/setup/SetUpFacade_SetUpFacade_0.java,9
/kernel/src/main/java/org/apache/shardingsphere/elasticjob/kernel/internal/setup/SetUpFacade_registerStartUpInfo_1.java,10
/kernel/src/main/java/org/apache/shardingsphere/elasticjob/kernel/internal/server/ServerNode_isServerPath_1.java,3
/kernel/src/main/java/org/apache/shardingsphere/elasticjob/kernel/internal/server/ServerService_persistOnline_1.java,5
/kernel/src/main/java/org/apache/shardingsphere/elasticjob/kernel/internal/server/ServerService_isAvailableServer_3.java,3
/kernel/src/main/java/org/apache/shardingsphere/elasticjob/kernel/internal/server/ServerService_removeOfflineServers_6.java,27
/kernel/src/main/java/org/apache/shardingsphere/elasticjob/kernel/internal/server/ServerService_hasAvailableServers_2.java,9
/kernel/src/main/java/org/apache/shardingsphere/elasticjob/kernel/internal/server/ServerService_hasOnlineInstances_4.java,8
/kernel/src/main/java/org/apache/shardingsphere/elasticjob/kernel/internal/server/ServerService_ServerService_0.java,5
/kernel/src/main/java/org/apache/shardingsphere/elasticjob/kernel/internal/server/ServerService_isEnableServer_5.java,8
/kernel/src/main/java/org/apache/shardingsphere/elasticjob/kernel/internal/server/ServerNode_getServerNode_3.java,3
/kernel/src/main/java/org/apache/shardingsphere/elasticjob/kernel/internal/server/ServerNode_ServerNode_0.java,4
/kernel/src/main/java/org/apache/shardingsphere/elasticjob/kernel/internal/server/ServerNode_isLocalServerPath_2.java,7
/kernel/src/main/java/org/apache/shardingsphere/elasticjob/kernel/internal/trigger/TriggerNode_getTriggerPath_3.java,3
/kernel/src/main/java/org/apache/shardingsphere/elasticjob/kernel/internal/trigger/TriggerNode_isLocalTriggerPath_1.java,4
/kernel/src/main/java/org/apache/shardingsphere/elasticjob/kernel/internal/trigger/TriggerService_removeTriggerFlag_1.java,3
/kernel/src/main/java/org/apache/shardingsphere/elasticjob/kernel/internal/trigger/TriggerNode_TriggerNode_0.java,4
/kernel/src/main/java/org/apache/shardingsphere/elasticjob/kernel/internal/trigger/TriggerNode_getTriggerRoot_4.java,3
/kernel/src/main/java/org/apache/shardingsphere/elasticjob/kernel/internal/trigger/TriggerListenerManager_start_1.java,3
/kernel/src/main/java/org/apache/shardingsphere/elasticjob/kernel/internal/trigger/TriggerNode_getLocalTriggerPath_2.java,3
/kernel/src/main/java/org/apache/shardingsphere/elasticjob/kernel/internal/trigger/TriggerListenerManager_TriggerListenerManager_0.java,6
/kernel/src/main/java/org/apache/shardingsphere/elasticjob/kernel/internal/trigger/TriggerService_TriggerService_0.java,4
/kernel/src/main/java/org/apache/shardingsphere/elasticjob/kernel/internal/annotation/JobAnnotationBuilder_generateJobConfiguration_0.java,34
/kernel/src/main/java/org/apache/shardingsphere/elasticjob/kernel/internal/listener/ListenerNotifierManager_getJobNotifyExecutor_3.java,3
/kernel/src/main/java/org/apache/shardingsphere/elasticjob/kernel/internal/listener/ListenerNotifierManager_ListenerNotifierManager_0.java,2
/kernel/src/main/java/org/apache/shardingsphere/elasticjob/kernel/internal/listener/AbstractListenerManager_addDataListener_2.java,3
/kernel/src/main/java/org/apache/shardingsphere/elasticjob/kernel/internal/listener/ListenerNotifierManager_removeJobNotifyExecutor_4.java,3
/kernel/src/main/java/org/apache/shardingsphere/elasticjob/kernel/internal/listener/ListenerManager_startAllListeners_1.java,11
/kernel/src/main/java/org/apache/shardingsphere/elasticjob/kernel/internal/listener/RegistryCenterConnectionStateListener_onStateChanged_1.java,14
/kernel/src/main/java/org/apache/shardingsphere/elasticjob/kernel/internal/listener/ListenerNotifierManager_getInstance_1.java,10
/kernel/src/main/java/org/apache/shardingsphere/elasticjob/kernel/internal/listener/AbstractListenerManager_AbstractListenerManager_0.java,3
/kernel/src/main/java/org/apache/shardingsphere/elasticjob/kernel/internal/listener/RegistryCenterConnectionStateListener_RegistryCenterConnectionStateListener_0.java,7
/kernel/src/main/java/org/apache/shardingsphere/elasticjob/kernel/internal/listener/ListenerNotifierManager_registerJobNotifyExecutor_2.java,11
/kernel/src/main/java/org/apache/shardingsphere/elasticjob/kernel/internal/listener/ListenerManager_ListenerManager_0.java,13
/kernel/src/main/java/org/apache/shardingsphere/elasticjob/kernel/internal/schedule/JobShutdownHookPlugin_start_1.java,2
/kernel/src/main/java/org/apache/shardingsphere/elasticjob/kernel/internal/schedule/JobScheduleController_rescheduleJob_1.java,10
/kernel/src/main/java/org/apache/shardingsphere/elasticjob/kernel/internal/schedule/JobScheduler_getElasticJobListeners_3.java,3
/kernel/src/main/java/org/apache/shardingsphere/elasticjob/kernel/internal/schedule/JobScheduler_JobScheduler_1.java,13
/kernel/src/main/java/org/apache/shardingsphere/elasticjob/kernel/internal/schedule/JobRegistry_isShutdown_12.java,3
/kernel/src/main/java/org/apache/shardingsphere/elasticjob/kernel/internal/schedule/JobScheduleController_parseTimeZoneString_4.java,7
/kernel/src/main/java/org/apache/shardingsphere/elasticjob/kernel/internal/schedule/JobRegistry_registerRegistryCenter_1.java,4
/kernel/src/main/java/org/apache/shardingsphere/elasticjob/kernel/internal/schedule/JobTriggerListener_getName_0.java,3
/kernel/src/main/java/org/apache/shardingsphere/elasticjob/kernel/internal/schedule/JobTriggerListener_triggerMisfired_1.java,5
/kernel/src/main/java/org/apache/shardingsphere/elasticjob/kernel/internal/schedule/JobScheduler_shutdown_13.java,5
/kernel/src/main/java/org/apache/shardingsphere/elasticjob/kernel/internal/schedule/JobScheduleController_createOneOffTrigger_9.java,3
/kernel/src/main/java/org/apache/shardingsphere/elasticjob/kernel/internal/schedule/JobScheduler_JobScheduler_0.java,14
/kernel/src/main/java/org/apache/shardingsphere/elasticjob/kernel/internal/schedule/JobShutdownHookPlugin_initialize_0.java,4
/kernel/src/main/java/org/apache/shardingsphere/elasticjob/kernel/internal/schedule/JobScheduler_validateJobProperties_5.java,3
/kernel/src/main/java/org/apache/shardingsphere/elasticjob/kernel/internal/schedule/JobRegistry_getInstance_0.java,10
/kernel/src/main/java/org/apache/shardingsphere/elasticjob/kernel/internal/schedule/JobScheduleController_rescheduleJob_2.java,10
/kernel/src/main/java/org/apache/shardingsphere/elasticjob/kernel/internal/schedule/JobScheduler_createJobDetail_11.java,5
/kernel/src/main/java/org/apache/shardingsphere/elasticjob/kernel/internal/schedule/SchedulerFacade_SchedulerFacade_0.java,6
/kernel/src/main/java/org/apache/shardingsphere/elasticjob/kernel/internal/schedule/JobRegistry_getCurrentShardingTotalCount_9.java,3
/kernel/src/main/java/org/apache/shardingsphere/elasticjob/kernel/internal/schedule/JobScheduler_registerStartUpInfo_12.java,6
/kernel/src/main/java/org/apache/shardingsphere/elasticjob/kernel/internal/schedule/JobRegistry_registerJob_2.java,3
/kernel/src/main/java/org/apache/shardingsphere/elasticjob/kernel/internal/schedule/JobScheduleController_shutdown_11.java,9
/kernel/src/main/java/org/apache/shardingsphere/elasticjob/kernel/internal/schedule/SchedulerFacade_shutdownInstance_2.java,6
/kernel/src/main/java/org/apache/shardingsphere/elasticjob/kernel/internal/schedule/JobScheduler_setGuaranteeServiceForElasticJobListeners_7.java,8
/kernel/src/main/java/org/apache/shardingsphere/elasticjob/kernel/internal/schedule/JobScheduler_validateJobErrorHandlerProperties_6.java,6
/kernel/src/main/java/org/apache/shardingsphere/elasticjob/kernel/internal/schedule/JobRegistry_setCurrentShardingTotalCount_10.java,3
/kernel/src/main/java/org/apache/shardingsphere/elasticjob/kernel/internal/schedule/JobRegistry_shutdown_11.java,8
/kernel/src/main/java/org/apache/shardingsphere/elasticjob/kernel/internal/schedule/JobRegistry_isJobRunning_7.java,3
/kernel/src/main/java/org/apache/shardingsphere/elasticjob/kernel/internal/schedule/JobRegistry_getJobScheduleController_3.java,3
/kernel/src/main/java/org/apache/shardingsphere/elasticjob/kernel/internal/schedule/JobScheduleController_shutdown_10.java,3
/kernel/src/main/java/org/apache/shardingsphere/elasticjob/kernel/internal/schedule/JobScheduler_setUpJobConfiguration_2.java,4
/kernel/src/main/java/org/apache/shardingsphere/elasticjob/kernel/internal/schedule/SchedulerFacade_newJobTriggerListener_1.java,3
/kernel/src/main/java/org/apache/shardingsphere/elasticjob/kernel/internal/schedule/JobShutdownHookPlugin_registerShutdownHook_3.java,14
/kernel/src/main/java/org/apache/shardingsphere/elasticjob/kernel/internal/schedule/JobRegistry_setJobRunning_8.java,3
/kernel/src/main/java/org/apache/shardingsphere/elasticjob/kernel/internal/schedule/JobScheduleController_isPaused_5.java,7
/kernel/src/main/java/org/apache/shardingsphere/elasticjob/kernel/internal/schedule/JobScheduler_createJobScheduleController_8.java,6
/kernel/src/main/java/org/apache/shardingsphere/elasticjob/kernel/internal/schedule/LiteJob_execute_0.java,3
/kernel/src/main/java/org/apache/shardingsphere/elasticjob/kernel/internal/schedule/JobRegistry_getRegCenter_4.java,3
/kernel/src/main/java/org/apache/shardingsphere/elasticjob/kernel/internal/schedule/JobScheduleController_scheduleJob_0.java,10
/kernel/src/main/java/org/apache/shardingsphere/elasticjob/kernel/internal/schedule/JobRegistry_getJobInstance_6.java,3
/kernel/src/main/java/org/apache/shardingsphere/elasticjob/kernel/internal/schedule/JobScheduleController_createCronTrigger_3.java,4
/kernel/src/main/java/org/apache/shardingsphere/elasticjob/kernel/internal/schedule/JobScheduleController_resumeJob_7.java,9
/kernel/src/main/java/org/apache/shardingsphere/elasticjob/kernel/internal/schedule/JobScheduler_findTracingConfiguration_4.java,3
/kernel/src/main/java/org/apache/shardingsphere/elasticjob/kernel/internal/schedule/JobScheduleController_triggerJob_8.java,17
/kernel/src/main/java/org/apache/shardingsphere/elasticjob/kernel/internal/schedule/JobScheduler_getQuartzProps_10.java,10
/kernel/src/main/java/org/apache/shardingsphere/elasticjob/kernel/internal/schedule/JobScheduler_createScheduler_9.java,12
/kernel/src/main/java/org/apache/shardingsphere/elasticjob/kernel/internal/schedule/JobShutdownHookPlugin_shutdown_2.java,11
/kernel/src/main/java/org/apache/shardingsphere/elasticjob/kernel/internal/schedule/JobRegistry_addJobInstance_5.java,3
/kernel/src/main/java/org/apache/shardingsphere/elasticjob/kernel/internal/schedule/JobScheduleController_pauseJob_6.java,9
/kernel/src/main/java/org/apache/shardingsphere/elasticjob/kernel/internal/instance/InstanceService_triggerAllInstances_5.java,4
/kernel/src/main/java/org/apache/shardingsphere/elasticjob/kernel/internal/instance/InstanceNode_InstanceNode_0.java,4
/kernel/src/main/java/org/apache/shardingsphere/elasticjob/kernel/internal/instance/InstanceService_persistOnline_1.java,3
/kernel/src/main/java/org/apache/shardingsphere/elasticjob/kernel/internal/instance/ShutdownListenerManager_ShutdownListenerManager_0.java,7
/kernel/src/main/java/org/apache/shardingsphere/elasticjob/kernel/internal/instance/InstanceService_InstanceService_0.java,6
/kernel/src/main/java/org/apache/shardingsphere/elasticjob/kernel/internal/instance/InstanceService_getAvailableJobInstances_3.java,14
/kernel/src/main/java/org/apache/shardingsphere/elasticjob/kernel/internal/instance/InstanceNode_getInstanceFullPath_1.java,3
/kernel/src/main/java/org/apache/shardingsphere/elasticjob/kernel/internal/instance/InstanceService_removeInstance_2.java,3
/kernel/src/main/java/org/apache/shardingsphere/elasticjob/kernel/internal/instance/InstanceNode_getLocalInstancePath_4.java,3
/kernel/src/main/java/org/apache/shardingsphere/elasticjob/kernel/internal/instance/InstanceNode_getLocalInstanceValue_5.java,3
/kernel/src/main/java/org/apache/shardingsphere/elasticjob/kernel/internal/instance/InstanceNode_getInstancePath_6.java,3
/kernel/src/main/java/org/apache/shardingsphere/elasticjob/kernel/internal/instance/ShutdownListenerManager_start_1.java,3
/kernel/src/main/java/org/apache/shardingsphere/elasticjob/kernel/internal/instance/InstanceService_isLocalJobInstanceExisted_4.java,3
/kernel/src/main/java/org/apache/shardingsphere/elasticjob/kernel/internal/instance/InstanceNode_isLocalInstancePath_3.java,3
/kernel/src/main/java/org/apache/shardingsphere/elasticjob/kernel/internal/instance/InstanceNode_isInstancePath_2.java,3
/kernel/src/main/java/org/apache/shardingsphere/elasticjob/kernel/internal/reconcile/ReconcileService_ReconcileService_0.java,7
/kernel/src/main/java/org/apache/shardingsphere/elasticjob/kernel/internal/reconcile/ReconcileService_isStaticSharding_2.java,3
/kernel/src/main/java/org/apache/shardingsphere/elasticjob/kernel/internal/reconcile/ReconcileService_hasShardingInfo_3.java,3
/kernel/src/main/java/org/apache/shardingsphere/elasticjob/kernel/internal/reconcile/ReconcileService_scheduler_4.java,3
/kernel/src/main/java/org/apache/shardingsphere/elasticjob/kernel/internal/reconcile/ReconcileService_runOneIteration_1.java,10
/kernel/src/main/java/org/apache/shardingsphere/elasticjob/kernel/internal/sharding/ExecutionService_misfireIfHasRunningItems_9.java,7
/kernel/src/main/java/org/apache/shardingsphere/elasticjob/kernel/internal/sharding/ExecutionService_hasRunningItems_6.java,3
/kernel/src/main/java/org/apache/shardingsphere/elasticjob/kernel/internal/sharding/JobInstance_JobInstance_1.java,3
/kernel/src/main/java/org/apache/shardingsphere/elasticjob/kernel/internal/sharding/ExecutionService_clearMisfire_12.java,5
/kernel/src/main/java/org/apache/shardingsphere/elasticjob/kernel/internal/sharding/ShardingService_getShardingItems_8.java,14
/kernel/src/main/java/org/apache/shardingsphere/elasticjob/kernel/internal/sharding/ShardingItemParameters_ShardingItemParameters_0.java,3
/kernel/src/main/java/org/apache/shardingsphere/elasticjob/kernel/internal/sharding/ExecutionService_getAllRunningItems_8.java,11
/kernel/src/main/java/org/apache/shardingsphere/elasticjob/kernel/internal/sharding/ExecutionService_registerJobBegin_1.java,15
/kernel/src/main/java/org/apache/shardingsphere/elasticjob/kernel/internal/sharding/ShardingService_ShardingService_0.java,11
/kernel/src/main/java/org/apache/shardingsphere/elasticjob/kernel/internal/sharding/ExecutionService_setMisfire_10.java,5
/kernel/src/main/java/org/apache/shardingsphere/elasticjob/kernel/internal/sharding/ExecutionService_ExecutionService_0.java,5
/kernel/src/main/java/org/apache/shardingsphere/elasticjob/kernel/internal/sharding/ShardingService_setReshardingFlag_1.java,6
/kernel/src/main/java/org/apache/shardingsphere/elasticjob/kernel/internal/sharding/strategy/type/RoundRobinByNameJobShardingStrategy_rotateServerList_1.java,13
/kernel/src/main/java/org/apache/shardingsphere/elasticjob/kernel/internal/sharding/strategy/type/AverageAllocationJobShardingStrategy_sharding_0.java,8
/kernel/src/main/java/org/apache/shardingsphere/elasticjob/kernel/internal/sharding/strategy/type/AverageAllocationJobShardingStrategy_isDefault_4.java,3
/kernel/src/main/java/org/apache/shardingsphere/elasticjob/kernel/internal/sharding/strategy/type/RoundRobinByNameJobShardingStrategy_sharding_0.java,3
/kernel/src/main/java/org/apache/shardingsphere/elasticjob/kernel/internal/sharding/strategy/type/OdevitySortByNameJobShardingStrategy_getType_1.java,3
/kernel/src/main/java/org/apache/shardingsphere/elasticjob/kernel/internal/sharding/strategy/type/AverageAllocationJobShardingStrategy_getType_3.java,3
/kernel/src/main/java/org/apache/shardingsphere/elasticjob/kernel/internal/sharding/strategy/type/OdevitySortByNameJobShardingStrategy_sharding_0.java,7
/kernel/src/main/java/org/apache/shardingsphere/elasticjob/kernel/internal/sharding/strategy/type/AverageAllocationJobShardingStrategy_shardingAliquot_1.java,14
/kernel/src/main/java/org/apache/shardingsphere/elasticjob/kernel/internal/sharding/strategy/type/RoundRobinByNameJobShardingStrategy_getType_2.java,3
/kernel/src/main/java/org/apache/shardingsphere/elasticjob/kernel/internal/sharding/strategy/type/AverageAllocationJobShardingStrategy_addAliquant_2.java,10
/kernel/src/main/java/org/apache/shardingsphere/elasticjob/kernel/internal/sharding/ShardingListenerManager_ShardingListenerManager_0.java,10
/kernel/src/main/java/org/apache/shardingsphere/elasticjob/kernel/internal/sharding/ShardingService_getLocalShardingItems_11.java,6
/kernel/src/main/java/org/apache/shardingsphere/elasticjob/kernel/internal/sharding/ShardingService_getCrashedShardingItems_9.java,14
/kernel/src/main/java/org/apache/shardingsphere/elasticjob/kernel/internal/sharding/ShardingListenerManager_start_1.java,4
/kernel/src/main/java/org/apache/shardingsphere/elasticjob/kernel/internal/sharding/ShardingNode_getRunningNode_2.java,3
/kernel/src/main/java/org/apache/shardingsphere/elasticjob/kernel/internal/sharding/JobInstance_JobInstance_0.java,3
/kernel/src/main/java/org/apache/shardingsphere/elasticjob/kernel/internal/sharding/ExecutionService_clearAllRunningInfo_3.java,3
/kernel/src/main/java/org/apache/shardingsphere/elasticjob/kernel/internal/sharding/ShardingService_resetShardingInfo_6.java,12
/kernel/src/main/java/org/apache/shardingsphere/elasticjob/kernel/internal/sharding/ShardingService_isNeedSharding_2.java,3
/kernel/src/main/java/org/apache/shardingsphere/elasticjob/kernel/internal/sharding/ShardingService_getShardingResultTransactionOperations_7.java,13
/kernel/src/main/java/org/apache/shardingsphere/elasticjob/kernel/internal/sharding/ShardingNode_getMisfireNode_3.java,3
/kernel/src/main/java/org/apache/shardingsphere/elasticjob/kernel/internal/sharding/JobInstance_JobInstance_2.java,3
/kernel/src/main/java/org/apache/shardingsphere/elasticjob/kernel/internal/sharding/ExecutionContextService_removeRunningIfMonitorExecution_3.java,12
/kernel/src/main/java/org/apache/shardingsphere/elasticjob/kernel/internal/sharding/ExecutionService_registerJobCompleted_2.java,9
/kernel/src/main/java/org/apache/shardingsphere/elasticjob/kernel/internal/sharding/ShardingNode_getDisabledNode_4.java,3
/kernel/src/main/java/org/apache/shardingsphere/elasticjob/kernel/internal/sharding/ShardingNode_getItemByRunningItemPath_5.java,6
/kernel/src/main/java/org/apache/shardingsphere/elasticjob/kernel/internal/sharding/ShardingItemParameters_parse_2.java,11
/kernel/src/main/java/org/apache/shardingsphere/elasticjob/kernel/internal/sharding/ExecutionContextService_getJobShardingContext_1.java,11
/kernel/src/main/java/org/apache/shardingsphere/elasticjob/kernel/internal/sharding/ExecutionContextService_getAssignedShardingItemParameterMap_5.java,7
/kernel/src/main/java/org/apache/shardingsphere/elasticjob/kernel/internal/sharding/ExecutionService_clearRunningInfo_4.java,5
/kernel/src/main/java/org/apache/shardingsphere/elasticjob/kernel/internal/sharding/ShardingNode_isRunningItemPath_6.java,3
/kernel/src/main/java/org/apache/shardingsphere/elasticjob/kernel/internal/sharding/ExecutionService_getDisabledItems_13.java,9
/kernel/src/main/java/org/apache/shardingsphere/elasticjob/kernel/internal/sharding/ExecutionContextService_ExecutionContextService_0.java,5
/kernel/src/main/java/org/apache/shardingsphere/elasticjob/kernel/internal/sharding/ShardingService_isRunningItem_10.java,3
/kernel/src/main/java/org/apache/shardingsphere/elasticjob/kernel/internal/sharding/ShardingNode_ShardingNode_0.java,3
/kernel/src/main/java/org/apache/shardingsphere/elasticjob/kernel/internal/sharding/ShardingService_shardingIfNecessary_3.java,19
/kernel/src/main/java/org/apache/shardingsphere/elasticjob/kernel/internal/sharding/MonitorExecutionListenerManager_MonitorExecutionListenerManager_0.java,5
/kernel/src/main/java/org/apache/shardingsphere/elasticjob/kernel/internal/sharding/ExecutionContextService_isRunning_4.java,3
/kernel/src/main/java/org/apache/shardingsphere/elasticjob/kernel/internal/sharding/ShardingNode_getInstanceNode_1.java,3
/kernel/src/main/java/org/apache/shardingsphere/elasticjob/kernel/internal/sharding/ExecutionService_getMisfiredJobItems_11.java,9
/kernel/src/main/java/org/apache/shardingsphere/elasticjob/kernel/internal/sharding/ExecutionContextService_buildTaskId_2.java,6
/kernel/src/main/java/org/apache/shardingsphere/elasticjob/kernel/internal/sharding/MonitorExecutionListenerManager_start_1.java,3
/kernel/src/main/java/org/apache/shardingsphere/elasticjob/kernel/internal/sharding/ShardingItemParameters_toMap_1.java,12
/kernel/src/main/java/org/apache/shardingsphere/elasticjob/kernel/internal/sharding/ShardingService_blockUntilShardingCompleted_4.java,6
/kernel/src/main/java/org/apache/shardingsphere/elasticjob/kernel/internal/sharding/ExecutionService_getAllItems_7.java,8
/kernel/src/main/java/org/apache/shardingsphere/elasticjob/kernel/internal/sharding/ShardingService_waitingOtherShardingItemCompleted_5.java,6
/kernel/src/main/java/org/apache/shardingsphere/elasticjob/kernel/internal/sharding/ShardingService_hasShardingInfoInOfflineServers_12.java,10
/kernel/src/main/java/org/apache/shardingsphere/elasticjob/kernel/internal/sharding/ExecutionService_hasRunningItems_5.java,12
/kernel/src/main/java/org/apache/shardingsphere/elasticjob/kernel/internal/storage/JobNodePath_getInstancesNodePath_5.java,3
/kernel/src/main/java/org/apache/shardingsphere/elasticjob/kernel/internal/storage/JobNodeStorage_executeInLeader_15.java,3
/kernel/src/main/java/org/apache/shardingsphere/elasticjob/kernel/internal/storage/JobNodePath_getServerNodePath_4.java,3
/kernel/src/main/java/org/apache/shardingsphere/elasticjob/kernel/internal/storage/JobNodePath_getFullPath_0.java,3
/kernel/src/main/java/org/apache/shardingsphere/elasticjob/kernel/internal/storage/JobNodeStorage_createJobNodeIfNeeded_7.java,5
/kernel/src/main/java/org/apache/shardingsphere/elasticjob/kernel/internal/storage/JobNodeStorage_replaceJobNode_12.java,3
/kernel/src/main/java/org/apache/shardingsphere/elasticjob/kernel/internal/storage/JobNodePath_getShardingNodePath_8.java,3
/kernel/src/main/java/org/apache/shardingsphere/elasticjob/kernel/internal/storage/JobNodePath_getLeaderHostNodePath_2.java,3
/kernel/src/main/java/org/apache/shardingsphere/elasticjob/kernel/internal/storage/JobNodeStorage_fillJobNode_9.java,3
/kernel/src/main/java/org/apache/shardingsphere/elasticjob/kernel/internal/storage/JobNodeStorage_addConnectionStateListener_16.java,3
/kernel/src/main/java/org/apache/shardingsphere/elasticjob/kernel/internal/storage/JobNodeStorage_getJobNodeData_3.java,3
/kernel/src/main/java/org/apache/shardingsphere/elasticjob/kernel/internal/storage/JobNodePath_getShardingNodePath_7.java,3
/kernel/src/main/java/org/apache/shardingsphere/elasticjob/kernel/internal/storage/JobNodeStorage_addDataListener_17.java,4
/kernel/src/main/java/org/apache/shardingsphere/elasticjob/kernel/internal/storage/JobNodeStorage_getRegistryCenterTime_18.java,3
/kernel/src/main/java/org/apache/shardingsphere/elasticjob/kernel/internal/storage/JobNodeStorage_isJobRootNodeExisted_2.java,3
/kernel/src/main/java/org/apache/shardingsphere/elasticjob/kernel/internal/storage/JobNodePath_getServerNodePath_3.java,3
/kernel/src/main/java/org/apache/shardingsphere/elasticjob/kernel/internal/storage/JobNodeStorage_getJobNodeDataDirectly_4.java,3
/kernel/src/main/java/org/apache/shardingsphere/elasticjob/kernel/internal/storage/JobNodePath_getConfigNodePath_1.java,3
/kernel/src/main/java/org/apache/shardingsphere/elasticjob/kernel/internal/storage/JobNodeStorage_getJobRootNodeData_6.java,3
/kernel/src/main/java/org/apache/shardingsphere/elasticjob/kernel/internal/storage/JobNodeStorage_getJobNodeChildrenKeys_5.java,3
/kernel/src/main/java/org/apache/shardingsphere/elasticjob/kernel/internal/storage/JobNodeStorage_replaceJobRootNode_13.java,3
/kernel/src/main/java/org/apache/shardingsphere/elasticjob/kernel/internal/storage/JobNodeStorage_isJobNodeExisted_1.java,3
/kernel/src/main/java/org/apache/shardingsphere/elasticjob/kernel/internal/storage/JobNodeStorage_executeInTransaction_14.java,10
/kernel/src/main/java/org/apache/shardingsphere/elasticjob/kernel/internal/storage/JobNodeStorage_updateJobNode_11.java,3
/kernel/src/main/java/org/apache/shardingsphere/elasticjob/kernel/internal/storage/JobNodeStorage_fillEphemeralJobNode_10.java,3
/kernel/src/main/java/org/apache/shardingsphere/elasticjob/kernel/internal/storage/JobNodeStorage_removeJobNodeIfExisted_8.java,5
/kernel/src/main/java/org/apache/shardingsphere/elasticjob/kernel/internal/storage/JobNodePath_getInstanceNodePath_6.java,3
/kernel/src/main/java/org/apache/shardingsphere/elasticjob/kernel/internal/storage/JobNodeStorage_JobNodeStorage_0.java,5
/bootstrap/src/main/java/org/apache/shardingsphere/elasticjob/bootstrap/type/OneOffJobBootstrap_OneOffJobBootstrap_1.java,5
/bootstrap/src/main/java/org/apache/shardingsphere/elasticjob/bootstrap/type/ScheduleJobBootstrap_ScheduleJobBootstrap_0.java,3
/bootstrap/src/main/java/org/apache/shardingsphere/elasticjob/bootstrap/type/OneOffJobBootstrap_execute_3.java,3
/bootstrap/src/main/java/org/apache/shardingsphere/elasticjob/bootstrap/type/ScheduleJobBootstrap_ScheduleJobBootstrap_2.java,4
/bootstrap/src/main/java/org/apache/shardingsphere/elasticjob/bootstrap/type/ScheduleJobBootstrap_shutdown_4.java,3
/bootstrap/src/main/java/org/apache/shardingsphere/elasticjob/bootstrap/type/ScheduleJobBootstrap_ScheduleJobBootstrap_1.java,3
/bootstrap/src/main/java/org/apache/shardingsphere/elasticjob/bootstrap/type/OneOffJobBootstrap_shutdown_4.java,3
/bootstrap/src/main/java/org/apache/shardingsphere/elasticjob/bootstrap/type/OneOffJobBootstrap_OneOffJobBootstrap_2.java,5
/bootstrap/src/main/java/org/apache/shardingsphere/elasticjob/bootstrap/type/OneOffJobBootstrap_OneOffJobBootstrap_0.java,5
/bootstrap/src/main/java/org/apache/shardingsphere/elasticjob/bootstrap/type/ScheduleJobBootstrap_schedule_3.java,4
/ecosystem/executor/http/src/main/java/org/apache/shardingsphere/elasticjob/http/executor/HttpJobExecutor_process_0.java,35
/ecosystem/executor/http/src/main/java/org/apache/shardingsphere/elasticjob/http/executor/HttpJobExecutor_getConnectionInputStream_2.java,7
/ecosystem/executor/http/src/main/java/org/apache/shardingsphere/elasticjob/http/executor/HttpJobExecutor_getHttpURLConnection_1.java,13
/ecosystem/executor/http/src/main/java/org/apache/shardingsphere/elasticjob/http/executor/HttpJobExecutor_getType_4.java,3
/ecosystem/executor/http/src/main/java/org/apache/shardingsphere/elasticjob/http/executor/HttpJobExecutor_isRequestSucceed_3.java,3
/ecosystem/executor/http/src/main/java/org/apache/shardingsphere/elasticjob/http/pojo/HttpParam_isWriteMethod_1.java,3
/ecosystem/executor/http/src/main/java/org/apache/shardingsphere/elasticjob/http/pojo/HttpParam_HttpParam_0.java,14
/ecosystem/executor/dataflow/src/main/java/org/apache/shardingsphere/elasticjob/dataflow/executor/DataflowJobExecutor_oneOffExecute_3.java,6
/ecosystem/executor/dataflow/src/main/java/org/apache/shardingsphere/elasticjob/dataflow/executor/DataflowJobExecutor_streamingExecute_1.java,10
/ecosystem/executor/dataflow/src/main/java/org/apache/shardingsphere/elasticjob/dataflow/executor/DataflowJobExecutor_fetchData_4.java,3
/ecosystem/executor/dataflow/src/main/java/org/apache/shardingsphere/elasticjob/dataflow/executor/DataflowJobExecutor_getElasticJobClass_6.java,3
/ecosystem/executor/dataflow/src/main/java/org/apache/shardingsphere/elasticjob/dataflow/executor/DataflowJobExecutor_process_0.java,7
/ecosystem/executor/dataflow/src/main/java/org/apache/shardingsphere/elasticjob/dataflow/executor/DataflowJobExecutor_processData_5.java,3
/ecosystem/executor/dataflow/src/main/java/org/apache/shardingsphere/elasticjob/dataflow/executor/DataflowJobExecutor_isEligibleForJobRunning_2.java,3
/ecosystem/executor/simple/src/main/java/org/apache/shardingsphere/elasticjob/simple/executor/SimpleJobExecutor_process_0.java,3
/ecosystem/executor/simple/src/main/java/org/apache/shardingsphere/elasticjob/simple/executor/SimpleJobExecutor_getElasticJobClass_1.java,3
/ecosystem/executor/script/src/main/java/org/apache/shardingsphere/elasticjob/script/executor/ScriptJobExecutor_getType_2.java,3
/ecosystem/executor/script/src/main/java/org/apache/shardingsphere/elasticjob/script/executor/ScriptJobExecutor_process_0.java,9
/ecosystem/executor/script/src/main/java/org/apache/shardingsphere/elasticjob/script/executor/ScriptJobExecutor_getScriptCommandLine_1.java,7
/ecosystem/tracing/rdb/src/main/java/org/apache/shardingsphere/elasticjob/tracing/rdb/yaml/YamlDataSourceConfiguration_toConfiguration_0.java,5
/ecosystem/tracing/rdb/src/main/java/org/apache/shardingsphere/elasticjob/tracing/rdb/yaml/YamlDataSourceConfigurationConverter_getType_1.java,3
/ecosystem/tracing/rdb/src/main/java/org/apache/shardingsphere/elasticjob/tracing/rdb/yaml/YamlDataSourceConfigurationConverter_convertToYamlConfiguration_0.java,7
/ecosystem/tracing/rdb/src/main/java/org/apache/shardingsphere/elasticjob/tracing/rdb/listener/RDBTracingListener_RDBTracingListener_0.java,3
/ecosystem/tracing/rdb/src/main/java/org/apache/shardingsphere/elasticjob/tracing/rdb/listener/RDBTracingListener_listen_2.java,3
/ecosystem/tracing/rdb/src/main/java/org/apache/shardingsphere/elasticjob/tracing/rdb/listener/RDBTracingListener_listen_1.java,3
/ecosystem/tracing/rdb/src/main/java/org/apache/shardingsphere/elasticjob/tracing/rdb/listener/RDBTracingListenerFactory_create_0.java,7
/ecosystem/tracing/rdb/src/main/java/org/apache/shardingsphere/elasticjob/tracing/rdb/listener/RDBTracingListenerFactory_getType_1.java,3
/ecosystem/tracing/rdb/src/main/java/org/apache/shardingsphere/elasticjob/tracing/rdb/storage/sql/SQLPropertiesFactory_getProperties_0.java,3
/ecosystem/tracing/rdb/src/main/java/org/apache/shardingsphere/elasticjob/tracing/rdb/storage/sql/SQLPropertiesFactory_getPropertiesInputStream_2.java,4
/ecosystem/tracing/rdb/src/main/java/org/apache/shardingsphere/elasticjob/tracing/rdb/storage/sql/SQLPropertiesFactory_loadProps_1.java,5
/ecosystem/tracing/rdb/src/main/java/org/apache/shardingsphere/elasticjob/tracing/rdb/storage/repository/RDBJobEventRepository_isDuplicateRecord_19.java,3
/ecosystem/tracing/rdb/src/main/java/org/apache/shardingsphere/elasticjob/tracing/rdb/storage/repository/RDBJobEventRepository_createTaskIdIndexIfNeeded_8.java,6
/ecosystem/tracing/rdb/src/main/java/org/apache/shardingsphere/elasticjob/tracing/rdb/storage/repository/RDBJobEventRepository_getTracingStorageDatabaseType_3.java,11
/ecosystem/tracing/rdb/src/main/java/org/apache/shardingsphere/elasticjob/tracing/rdb/storage/repository/RDBJobEventRepository_existsTable_7.java,6
/ecosystem/tracing/rdb/src/main/java/org/apache/shardingsphere/elasticjob/tracing/rdb/storage/repository/RDBJobEventRepository_existsIndex_9.java,11
/ecosystem/tracing/rdb/src/main/java/org/apache/shardingsphere/elasticjob/tracing/rdb/storage/repository/RDBJobEventRepository_createJobStatusTraceTable_11.java,5
/ecosystem/tracing/rdb/src/main/java/org/apache/shardingsphere/elasticjob/tracing/rdb/storage/repository/RDBJobEventRepository_createJobExecutionTableAndIndexIfNeeded_5.java,6
/ecosystem/tracing/rdb/src/main/java/org/apache/shardingsphere/elasticjob/tracing/rdb/storage/repository/RDBJobEventRepository_RDBJobEventRepository_0.java,6
/ecosystem/tracing/rdb/src/main/java/org/apache/shardingsphere/elasticjob/tracing/rdb/storage/repository/RDBJobEventRepository_getOriginalTaskId_21.java,16
/ecosystem/tracing/rdb/src/main/java/org/apache/shardingsphere/elasticjob/tracing/rdb/storage/repository/RDBJobEventRepository_createTaskIdAndStateIndex_12.java,5
/ecosystem/tracing/rdb/src/main/java/org/apache/shardingsphere/elasticjob/tracing/rdb/storage/repository/RDBJobEventRepository_insertJobExecutionEvent_14.java,23
/ecosystem/tracing/rdb/src/main/java/org/apache/shardingsphere/elasticjob/tracing/rdb/storage/repository/RDBJobEventRepository_updateJobExecutionEventFailure_17.java,18
/ecosystem/tracing/rdb/src/main/java/org/apache/shardingsphere/elasticjob/tracing/rdb/storage/repository/RDBJobEventRepository_createJobExecutionTable_10.java,5
/ecosystem/tracing/rdb/src/main/java/org/apache/shardingsphere/elasticjob/tracing/rdb/storage/repository/RDBJobEventRepository_updateJobExecutionEventWhenSuccess_15.java,17
/ecosystem/tracing/rdb/src/main/java/org/apache/shardingsphere/elasticjob/tracing/rdb/storage/repository/RDBJobEventRepository_addJobExecutionEvent_13.java,11
/ecosystem/tracing/rdb/src/main/java/org/apache/shardingsphere/elasticjob/tracing/rdb/storage/repository/RDBJobEventRepository_createJobStatusTraceTableAndIndexIfNeeded_6.java,7
/ecosystem/tracing/rdb/src/main/java/org/apache/shardingsphere/elasticjob/tracing/rdb/storage/repository/RDBJobEventRepository_getInstance_2.java,10
/ecosystem/tracing/rdb/src/main/java/org/apache/shardingsphere/elasticjob/tracing/rdb/storage/repository/RDBJobEventRepository_addJobStatusTraceEvent_20.java,26
/ecosystem/tracing/rdb/src/main/java/org/apache/shardingsphere/elasticjob/tracing/rdb/storage/repository/RDBJobEventRepository_truncateString_22.java,3
/ecosystem/tracing/rdb/src/main/java/org/apache/shardingsphere/elasticjob/tracing/rdb/storage/repository/RDBJobEventRepository_insertJobExecutionEventWhenFailure_18.java,25
/ecosystem/tracing/rdb/src/main/java/org/apache/shardingsphere/elasticjob/tracing/rdb/storage/repository/RDBJobEventRepository_insertJobExecutionEventWhenSuccess_16.java,25
/ecosystem/tracing/rdb/src/main/java/org/apache/shardingsphere/elasticjob/tracing/rdb/storage/repository/RDBJobEventRepository_getInstance_1.java,9
/ecosystem/tracing/rdb/src/main/java/org/apache/shardingsphere/elasticjob/tracing/rdb/storage/repository/RDBJobEventRepository_initTablesAndIndexes_4.java,6
/ecosystem/tracing/rdb/src/main/java/org/apache/shardingsphere/elasticjob/tracing/rdb/storage/converter/RDBTracingStorageConfigurationConverter_toConfiguration_0.java,11
/ecosystem/tracing/rdb/src/main/java/org/apache/shardingsphere/elasticjob/tracing/rdb/storage/converter/RDBTracingStorageConfigurationConverter_storageType_1.java,3
/ecosystem/tracing/rdb/src/main/java/org/apache/shardingsphere/elasticjob/tracing/rdb/storage/type/impl/OracleTracingStorageDatabaseType_getDuplicateRecordErrorCode_1.java,3
/ecosystem/tracing/rdb/src/main/java/org/apache/shardingsphere/elasticjob/tracing/rdb/storage/type/impl/DB2TracingStorageDatabaseType_getDuplicateRecordErrorCode_1.java,3
/ecosystem/tracing/rdb/src/main/java/org/apache/shardingsphere/elasticjob/tracing/rdb/storage/type/impl/PostgreSQLTracingStorageDatabaseType_getType_0.java,3
/ecosystem/tracing/rdb/src/main/java/org/apache/shardingsphere/elasticjob/tracing/rdb/storage/type/impl/H2TracingStorageDatabaseType_getDuplicateRecordErrorCode_1.java,3
/ecosystem/tracing/rdb/src/main/java/org/apache/shardingsphere/elasticjob/tracing/rdb/storage/type/impl/DefaultTracingStorageDatabaseType_getType_0.java,3
/ecosystem/tracing/rdb/src/main/java/org/apache/shardingsphere/elasticjob/tracing/rdb/storage/type/impl/PostgreSQLTracingStorageDatabaseType_getDuplicateRecordErrorCode_1.java,3
/ecosystem/tracing/rdb/src/main/java/org/apache/shardingsphere/elasticjob/tracing/rdb/storage/type/impl/DB2TracingStorageDatabaseType_getType_0.java,3
/ecosystem/tracing/rdb/src/main/java/org/apache/shardingsphere/elasticjob/tracing/rdb/storage/type/impl/H2TracingStorageDatabaseType_getType_0.java,3
/ecosystem/tracing/rdb/src/main/java/org/apache/shardingsphere/elasticjob/tracing/rdb/storage/type/impl/OracleTracingStorageDatabaseType_getType_0.java,3
/ecosystem/tracing/rdb/src/main/java/org/apache/shardingsphere/elasticjob/tracing/rdb/storage/type/impl/DefaultTracingStorageDatabaseType_getDuplicateRecordErrorCode_1.java,3
/ecosystem/error-handler/dingtalk/src/main/java/org/apache/shardingsphere/elasticjob/error/handler/dingtalk/DingtalkJobErrorHandler_getURL_3.java,3
/ecosystem/error-handler/dingtalk/src/main/java/org/apache/shardingsphere/elasticjob/error/handler/dingtalk/DingtalkJobErrorHandler_getSignedURL_4.java,4
/ecosystem/error-handler/dingtalk/src/main/java/org/apache/shardingsphere/elasticjob/error/handler/dingtalk/DingtalkJobErrorHandler_handleException_1.java,19
/ecosystem/error-handler/dingtalk/src/main/java/org/apache/shardingsphere/elasticjob/error/handler/dingtalk/DingtalkJobErrorHandlerPropertiesValidator_validate_0.java,5
/ecosystem/error-handler/dingtalk/src/main/java/org/apache/shardingsphere/elasticjob/error/handler/dingtalk/DingtalkJobErrorHandler_getType_8.java,3
/ecosystem/error-handler/dingtalk/src/main/java/org/apache/shardingsphere/elasticjob/error/handler/dingtalk/DingtalkJobErrorHandler_generateSignature_5.java,7
/ecosystem/error-handler/dingtalk/src/main/java/org/apache/shardingsphere/elasticjob/error/handler/dingtalk/DingtalkJobErrorHandler_createHTTPPostMethod_2.java,10
/ecosystem/error-handler/dingtalk/src/main/java/org/apache/shardingsphere/elasticjob/error/handler/dingtalk/DingtalkJobErrorHandler_getErrorMessage_7.java,9
/ecosystem/error-handler/dingtalk/src/main/java/org/apache/shardingsphere/elasticjob/error/handler/dingtalk/DingtalkJobErrorHandler_init_0.java,7
/ecosystem/error-handler/dingtalk/src/main/java/org/apache/shardingsphere/elasticjob/error/handler/dingtalk/DingtalkJobErrorHandler_close_9.java,3
/ecosystem/error-handler/dingtalk/src/main/java/org/apache/shardingsphere/elasticjob/error/handler/dingtalk/DingtalkJobErrorHandler_getJsonParameter_6.java,3
/ecosystem/error-handler/dingtalk/src/main/java/org/apache/shardingsphere/elasticjob/error/handler/dingtalk/DingtalkJobErrorHandlerPropertiesValidator_getType_1.java,3
/ecosystem/error-handler/normal/src/main/java/org/apache/shardingsphere/elasticjob/error/handler/normal/ThrowJobErrorHandler_handleException_0.java,3
/ecosystem/error-handler/normal/src/main/java/org/apache/shardingsphere/elasticjob/error/handler/normal/IgnoreJobErrorHandler_getType_1.java,3
/ecosystem/error-handler/normal/src/main/java/org/apache/shardingsphere/elasticjob/error/handler/normal/IgnoreJobErrorHandler_handleException_0.java,2
/ecosystem/error-handler/normal/src/main/java/org/apache/shardingsphere/elasticjob/error/handler/normal/ThrowJobErrorHandler_getType_1.java,3
/ecosystem/error-handler/email/src/main/java/org/apache/shardingsphere/elasticjob/error/handler/email/EmailJobErrorHandler_init_0.java,15
/ecosystem/error-handler/email/src/main/java/org/apache/shardingsphere/elasticjob/error/handler/email/EmailJobErrorHandler_createSessionProperties_1.java,16
/ecosystem/error-handler/email/src/main/java/org/apache/shardingsphere/elasticjob/error/handler/email/EmailJobErrorHandler_getErrorMessage_4.java,5
/ecosystem/error-handler/email/src/main/java/org/apache/shardingsphere/elasticjob/error/handler/email/EmailJobErrorHandler_getType_7.java,3
/ecosystem/error-handler/email/src/main/java/org/apache/shardingsphere/elasticjob/error/handler/email/EmailJobErrorHandler_getSessionAuthenticator_2.java,8
/ecosystem/error-handler/email/src/main/java/org/apache/shardingsphere/elasticjob/error/handler/email/EmailJobErrorHandler_sendMessage_6.java,6
/ecosystem/error-handler/email/src/main/java/org/apache/shardingsphere/elasticjob/error/handler/email/EmailJobErrorHandler_createMessage_5.java,25
/ecosystem/error-handler/email/src/main/java/org/apache/shardingsphere/elasticjob/error/handler/email/EmailJobErrorHandler_handleException_3.java,10
/ecosystem/error-handler/wechat/src/main/java/org/apache/shardingsphere/elasticjob/error/handler/wechat/WechatJobErrorHandler_close_6.java,3
/ecosystem/error-handler/wechat/src/main/java/org/apache/shardingsphere/elasticjob/error/handler/wechat/WechatJobErrorHandler_getErrorMessage_4.java,5
/ecosystem/error-handler/wechat/src/main/java/org/apache/shardingsphere/elasticjob/error/handler/wechat/WechatJobErrorHandlerPropertiesValidator_validate_0.java,5
/ecosystem/error-handler/wechat/src/main/java/org/apache/shardingsphere/elasticjob/error/handler/wechat/WechatJobErrorHandler_getType_5.java,3
/ecosystem/error-handler/wechat/src/main/java/org/apache/shardingsphere/elasticjob/error/handler/wechat/WechatJobErrorHandler_getJsonParameter_3.java,3
/ecosystem/error-handler/wechat/src/main/java/org/apache/shardingsphere/elasticjob/error/handler/wechat/WechatJobErrorHandler_handleException_1.java,19
/ecosystem/error-handler/wechat/src/main/java/org/apache/shardingsphere/elasticjob/error/handler/wechat/WechatJobErrorHandler_init_0.java,5
/ecosystem/error-handler/wechat/src/main/java/org/apache/shardingsphere/elasticjob/error/handler/wechat/WechatJobErrorHandlerPropertiesValidator_getType_1.java,3
/ecosystem/error-handler/wechat/src/main/java/org/apache/shardingsphere/elasticjob/error/handler/wechat/WechatJobErrorHandler_createHTTPPostMethod_2.java,10
/examples/elasticjob-example-jobs/src/main/java/org/apache/shardingsphere/elasticjob/example/fixture/entity/Foo_getLocation_2.java,3
/examples/elasticjob-example-jobs/src/main/java/org/apache/shardingsphere/elasticjob/example/fixture/entity/Foo_setStatus_4.java,3
/examples/elasticjob-example-jobs/src/main/java/org/apache/shardingsphere/elasticjob/example/fixture/entity/Foo_Foo_0.java,5
/examples/elasticjob-example-jobs/src/main/java/org/apache/shardingsphere/elasticjob/example/fixture/entity/Foo_toString_5.java,3
/examples/elasticjob-example-jobs/src/main/java/org/apache/shardingsphere/elasticjob/example/fixture/entity/Foo_getId_1.java,3
/examples/elasticjob-example-jobs/src/main/java/org/apache/shardingsphere/elasticjob/example/fixture/entity/Foo_getStatus_3.java,3
/examples/elasticjob-example-jobs/src/main/java/org/apache/shardingsphere/elasticjob/example/fixture/repository/FooRepository_findTodoData_3.java,15
/examples/elasticjob-example-jobs/src/main/java/org/apache/shardingsphere/elasticjob/example/fixture/repository/FooRepository_addData_2.java,5
/examples/elasticjob-example-jobs/src/main/java/org/apache/shardingsphere/elasticjob/example/fixture/repository/FooRepository_setCompleted_4.java,3
/examples/elasticjob-example-jobs/src/main/java/org/apache/shardingsphere/elasticjob/example/fixture/repository/FooRepository_FooRepository_0.java,3
/examples/elasticjob-example-jobs/src/main/java/org/apache/shardingsphere/elasticjob/example/fixture/repository/FooRepositoryFactory_getFooRepository_0.java,3
/examples/elasticjob-example-jobs/src/main/java/org/apache/shardingsphere/elasticjob/example/fixture/repository/FooRepository_init_1.java,5
/examples/elasticjob-example-jobs/src/main/java/org/apache/shardingsphere/elasticjob/example/job/dataflow/SpringDataflowJob_fetchData_0.java,5
/examples/elasticjob-example-jobs/src/main/java/org/apache/shardingsphere/elasticjob/example/job/dataflow/SpringDataflowJob_processData_1.java,7
/examples/elasticjob-example-jobs/src/main/java/org/apache/shardingsphere/elasticjob/example/job/dataflow/JavaDataflowJob_processData_1.java,7
/examples/elasticjob-example-jobs/src/main/java/org/apache/shardingsphere/elasticjob/example/job/dataflow/JavaDataflowJob_fetchData_0.java,5
/examples/elasticjob-example-jobs/src/main/java/org/apache/shardingsphere/elasticjob/example/job/simple/JavaOccurErrorJob_execute_0.java,3
/examples/elasticjob-example-jobs/src/main/java/org/apache/shardingsphere/elasticjob/example/job/simple/JavaSimpleJob_execute_0.java,8
/examples/elasticjob-example-jobs/src/main/java/org/apache/shardingsphere/elasticjob/example/job/simple/SpringSimpleJob_execute_0.java,8
/examples/elasticjob-example-spring/src/main/java/org/apache/shardingsphere/elasticjob/example/SpringMain_main_0.java,4
/examples/elasticjob-example-springboot/src/main/java/org/apache/shardingsphere/elasticjob/example/entity/Foo_getLocation_2.java,3
/examples/elasticjob-example-springboot/src/main/java/org/apache/shardingsphere/elasticjob/example/entity/Foo_setStatus_4.java,3
/examples/elasticjob-example-springboot/src/main/java/org/apache/shardingsphere/elasticjob/example/entity/Foo_Foo_0.java,5
/examples/elasticjob-example-springboot/src/main/java/org/apache/shardingsphere/elasticjob/example/entity/Foo_toString_5.java,3
/examples/elasticjob-example-springboot/src/main/java/org/apache/shardingsphere/elasticjob/example/entity/Foo_getId_1.java,3
/examples/elasticjob-example-springboot/src/main/java/org/apache/shardingsphere/elasticjob/example/entity/Foo_getStatus_3.java,3
/examples/elasticjob-example-springboot/src/main/java/org/apache/shardingsphere/elasticjob/example/repository/FooRepository_findTodoData_3.java,15
/examples/elasticjob-example-springboot/src/main/java/org/apache/shardingsphere/elasticjob/example/repository/FooRepository_addData_2.java,5
/examples/elasticjob-example-springboot/src/main/java/org/apache/shardingsphere/elasticjob/example/repository/FooRepository_setCompleted_4.java,3
/examples/elasticjob-example-springboot/src/main/java/org/apache/shardingsphere/elasticjob/example/repository/FooRepository_FooRepository_0.java,3
/examples/elasticjob-example-springboot/src/main/java/org/apache/shardingsphere/elasticjob/example/repository/FooRepository_init_1.java,5
/examples/elasticjob-example-springboot/src/main/java/org/apache/shardingsphere/elasticjob/example/controller/OneOffJobController_executeOccurErrorNoticeWechatJob_2.java,4
/examples/elasticjob-example-springboot/src/main/java/org/apache/shardingsphere/elasticjob/example/controller/OneOffJobController_executeOneOffJob_1.java,4
/examples/elasticjob-example-springboot/src/main/java/org/apache/shardingsphere/elasticjob/example/controller/OneOffJobController_executeOccurErrorNoticeEmailJob_3.java,4
/examples/elasticjob-example-springboot/src/main/java/org/apache/shardingsphere/elasticjob/example/controller/OneOffJobController_executeManualScriptJob_0.java,4
/examples/elasticjob-example-springboot/src/main/java/org/apache/shardingsphere/elasticjob/example/SpringBootMain_main_0.java,4
/examples/elasticjob-example-springboot/src/main/java/org/apache/shardingsphere/elasticjob/example/job/SpringBootDataflowJob_processData_1.java,7
/examples/elasticjob-example-springboot/src/main/java/org/apache/shardingsphere/elasticjob/example/job/SpringBootOccurErrorNoticeWechatJob_execute_0.java,3
/examples/elasticjob-example-springboot/src/main/java/org/apache/shardingsphere/elasticjob/example/job/SpringBootDataflowJob_fetchData_0.java,5
/examples/elasticjob-example-springboot/src/main/java/org/apache/shardingsphere/elasticjob/example/job/SpringBootOccurErrorNoticeDingtalkJob_execute_0.java,3
/api/src/main/java/org/apache/shardingsphere/elasticjob/spi/tracing/exception/TracingConfigurationException_TracingConfigurationException_1.java,3
/api/src/main/java/org/apache/shardingsphere/elasticjob/spi/tracing/exception/TracingConfigurationException_TracingConfigurationException_0.java,3
/api/src/main/java/org/apache/shardingsphere/elasticjob/spi/tracing/event/JobExecutionEvent_executionFailure_1.java,7
/api/src/main/java/org/apache/shardingsphere/elasticjob/spi/tracing/event/JobExecutionEvent_executionSuccess_0.java,6
/api/src/main/java/org/apache/shardingsphere/elasticjob/spi/listener/param/ShardingContexts_createShardingContext_1.java,3
/api/src/main/java/org/apache/shardingsphere/elasticjob/api/JobConfiguration_newBuilder_0.java,3
/test/util/src/main/java/org/apache/shardingsphere/elasticjob/test/util/EmbedTestingServer_buildCuratorClient_3.java,11
/test/util/src/main/java/org/apache/shardingsphere/elasticjob/test/util/ReflectionUtils_getFieldValue_0.java,10
/test/util/src/main/java/org/apache/shardingsphere/elasticjob/test/util/ReflectionUtils_getStaticFieldValue_1.java,10
/test/util/src/main/java/org/apache/shardingsphere/elasticjob/test/util/EmbedTestingServer_getConnectionString_5.java,3
/test/util/src/main/java/org/apache/shardingsphere/elasticjob/test/util/ReflectionUtils_setFieldValue_2.java,9
/test/util/src/main/java/org/apache/shardingsphere/elasticjob/test/util/ReflectionUtils_setSuperclassFieldValue_3.java,9
/test/util/src/main/java/org/apache/shardingsphere/elasticjob/test/util/EmbedTestingServer_waitTestingServerReady_2.java,23
/test/util/src/main/java/org/apache/shardingsphere/elasticjob/test/util/EmbedTestingServer_start0_1.java,19
/test/util/src/main/java/org/apache/shardingsphere/elasticjob/test/util/EmbedTestingServer_isIgnoredException_4.java,3
/test/util/src/main/java/org/apache/shardingsphere/elasticjob/test/util/EmbedTestingServer_start_0.java,15
/lifecycle/src/main/java/org/apache/shardingsphere/elasticjob/lifecycle/api/JobAPIFactory_createShardingStatisticsAPI_5.java,3
/lifecycle/src/main/java/org/apache/shardingsphere/elasticjob/lifecycle/api/JobAPIFactory_createServerStatisticsAPI_4.java,3
/lifecycle/src/main/java/org/apache/shardingsphere/elasticjob/lifecycle/api/JobAPIFactory_createShardingOperateAPI_2.java,3
/lifecycle/src/main/java/org/apache/shardingsphere/elasticjob/lifecycle/api/JobAPIFactory_createJobStatisticsAPI_3.java,3
/lifecycle/src/main/java/org/apache/shardingsphere/elasticjob/lifecycle/api/JobAPIFactory_createJobConfigurationAPI_0.java,3
/lifecycle/src/main/java/org/apache/shardingsphere/elasticjob/lifecycle/api/JobAPIFactory_createJobOperateAPI_1.java,3
/lifecycle/src/main/java/org/apache/shardingsphere/elasticjob/lifecycle/internal/settings/JobConfigurationAPIImpl_removeJobConfiguration_2.java,3
/lifecycle/src/main/java/org/apache/shardingsphere/elasticjob/lifecycle/internal/settings/JobConfigurationAPIImpl_getJobConfiguration_0.java,7
/lifecycle/src/main/java/org/apache/shardingsphere/elasticjob/lifecycle/internal/settings/JobConfigurationAPIImpl_updateJobConfiguration_1.java,6
/lifecycle/src/main/java/org/apache/shardingsphere/elasticjob/lifecycle/internal/statistics/ShardingStatisticsAPIImpl_getShardingInfo_1.java,17
/lifecycle/src/main/java/org/apache/shardingsphere/elasticjob/lifecycle/internal/statistics/JobStatisticsAPIImpl_isHasShardingFlag_5.java,10
/lifecycle/src/main/java/org/apache/shardingsphere/elasticjob/lifecycle/internal/statistics/JobStatisticsAPIImpl_getJobInstanceCount_6.java,3
/lifecycle/src/main/java/org/apache/shardingsphere/elasticjob/lifecycle/internal/statistics/JobStatisticsAPIImpl_getJobBriefInfoByJobNameAndIp_8.java,10
/lifecycle/src/main/java/org/apache/shardingsphere/elasticjob/lifecycle/internal/statistics/JobStatisticsAPIImpl_getJobsBriefInfo_7.java,12
/lifecycle/src/main/java/org/apache/shardingsphere/elasticjob/lifecycle/internal/statistics/JobStatisticsAPIImpl_getJobBriefInfo_2.java,16
/lifecycle/src/main/java/org/apache/shardingsphere/elasticjob/lifecycle/internal/statistics/JobStatisticsAPIImpl_isAllDisabled_4.java,10
/lifecycle/src/main/java/org/apache/shardingsphere/elasticjob/lifecycle/internal/statistics/JobStatisticsAPIImpl_getAllJobsBriefInfo_1.java,12
/lifecycle/src/main/java/org/apache/shardingsphere/elasticjob/lifecycle/internal/statistics/JobStatisticsAPIImpl_getJobStatusByJobNameAndIp_9.java,9
/lifecycle/src/main/java/org/apache/shardingsphere/elasticjob/lifecycle/internal/statistics/JobStatisticsAPIImpl_getJobsTotalCount_0.java,3
/lifecycle/src/main/java/org/apache/shardingsphere/elasticjob/lifecycle/internal/statistics/JobStatisticsAPIImpl_getJobInstanceCountByJobNameAndIP_10.java,12
/lifecycle/src/main/java/org/apache/shardingsphere/elasticjob/lifecycle/internal/statistics/ShardingStatisticsAPIImpl_getShardingInfo_0.java,10
/lifecycle/src/main/java/org/apache/shardingsphere/elasticjob/lifecycle/internal/statistics/JobStatisticsAPIImpl_getJobStatus_3.java,14
/lifecycle/src/main/java/org/apache/shardingsphere/elasticjob/lifecycle/internal/operate/ShardingOperateAPIImpl_ShardingOperateAPIImpl_0.java,3
/lifecycle/src/main/java/org/apache/shardingsphere/elasticjob/lifecycle/internal/operate/ShardingOperateAPIImpl_disable_1.java,3
/lifecycle/src/main/java/org/apache/shardingsphere/elasticjob/lifecycle/internal/operate/ShardingOperateAPIImpl_enable_2.java,3
/lifecycle/src/main/java/org/apache/shardingsphere/elasticjob/lifecycle/internal/operate/ShardingOperateAPIImpl_disableOrEnableJobs_3.java,9
/lifecycle/src/main/java/org/apache/shardingsphere/elasticjob/lifecycle/internal/reg/RegistryCenterFactory_createCoordinatorRegistryCenter_0.java,12
/lifecycle/src/main/java/org/apache/shardingsphere/elasticjob/lifecycle/domain/ShardingInfo_compareTo_0.java,3
/lifecycle/src/main/java/org/apache/shardingsphere/elasticjob/lifecycle/domain/ServerBriefInfo_compareTo_0.java,3
/lifecycle/src/main/java/org/apache/shardingsphere/elasticjob/lifecycle/domain/JobBriefInfo_compareTo_0.java,3
/restful/src/main/java/org/apache/shardingsphere/elasticjob/restful/handler/impl/DefaultExceptionHandler_handleException_0.java,7
/restful/src/main/java/org/apache/shardingsphere/elasticjob/restful/handler/impl/DefaultHandlerNotFoundExceptionHandler_handleException_0.java,7
/restful/src/main/java/org/apache/shardingsphere/elasticjob/restful/handler/HandlerMappingRegistry_addMapping_1.java,4
/restful/src/main/java/org/apache/shardingsphere/elasticjob/restful/handler/HandlerNotFoundException_HandlerNotFoundException_0.java,3
/restful/src/main/java/org/apache/shardingsphere/elasticjob/restful/handler/HandlerMappingRegistry_getMappingContext_0.java,4
/restful/src/main/java/org/apache/shardingsphere/elasticjob/restful/serializer/ResponseBodySerializerFactory_instantiateResponseBodySerializerFromFactories_1.java,6
/restful/src/main/java/org/apache/shardingsphere/elasticjob/restful/serializer/factory/impl/DefaultJsonResponseBodySerializerFactory_createSerializer_1.java,3
/restful/src/main/java/org/apache/shardingsphere/elasticjob/restful/serializer/factory/impl/DefaultJsonResponseBodySerializerFactory_mimeType_0.java,3
/restful/src/main/java/org/apache/shardingsphere/elasticjob/restful/serializer/impl/DefaultJsonResponseBodySerializer_mimeType_0.java,3
/restful/src/main/java/org/apache/shardingsphere/elasticjob/restful/serializer/impl/DefaultJsonResponseBodySerializer_serialize_1.java,6
/restful/src/main/java/org/apache/shardingsphere/elasticjob/restful/serializer/ResponseBodySerializerNotFoundException_ResponseBodySerializerNotFoundException_0.java,3
/restful/src/main/java/org/apache/shardingsphere/elasticjob/restful/serializer/ResponseBodySerializerFactory_getResponseBodySerializer_0.java,15
/restful/src/main/java/org/apache/shardingsphere/elasticjob/restful/NettyRestfulServiceConfiguration_addExceptionHandler_2.java,4
/restful/src/main/java/org/apache/shardingsphere/elasticjob/restful/wrapper/QueryParameterMap_isEmpty_4.java,3
/restful/src/main/java/org/apache/shardingsphere/elasticjob/restful/wrapper/QueryParameterMap_get_2.java,3
/restful/src/main/java/org/apache/shardingsphere/elasticjob/restful/wrapper/QueryParameterMap_entrySet_5.java,3
/restful/src/main/java/org/apache/shardingsphere/elasticjob/restful/wrapper/QueryParameterMap_getFirst_3.java,8
/restful/src/main/java/org/apache/shardingsphere/elasticjob/restful/wrapper/QueryParameterMap_toSingleValueMap_8.java,3
/restful/src/main/java/org/apache/shardingsphere/elasticjob/restful/wrapper/QueryParameterMap_QueryParameterMap_0.java,3
/restful/src/main/java/org/apache/shardingsphere/elasticjob/restful/wrapper/QueryParameterMap_add_6.java,8
/restful/src/main/java/org/apache/shardingsphere/elasticjob/restful/wrapper/QueryParameterMap_QueryParameterMap_1.java,3
/restful/src/main/java/org/apache/shardingsphere/elasticjob/restful/wrapper/QueryParameterMap_put_7.java,3
/restful/src/main/java/org/apache/shardingsphere/elasticjob/restful/mapping/RegexPathMatcher_convertToRegexPattern_4.java,3
/restful/src/main/java/org/apache/shardingsphere/elasticjob/restful/mapping/RegexPathMatcher_getCompiledPattern_3.java,5
/restful/src/main/java/org/apache/shardingsphere/elasticjob/restful/mapping/RegexUrlPatternMap_put_0.java,10
/restful/src/main/java/org/apache/shardingsphere/elasticjob/restful/mapping/RegexUrlPatternMap_match_1.java,19
/restful/src/main/java/org/apache/shardingsphere/elasticjob/restful/mapping/RegexPathMatcher_extractTemplateNames_5.java,12
/restful/src/main/java/org/apache/shardingsphere/elasticjob/restful/mapping/DefaultMappingContext_payload_1.java,3
/restful/src/main/java/org/apache/shardingsphere/elasticjob/restful/mapping/RegexPathMatcher_trimUriQuery_6.java,7
/restful/src/main/java/org/apache/shardingsphere/elasticjob/restful/mapping/DefaultMappingContext_pattern_0.java,3
/restful/src/main/java/org/apache/shardingsphere/elasticjob/restful/mapping/RegexPathMatcher_matches_1.java,3
/restful/src/main/java/org/apache/shardingsphere/elasticjob/restful/mapping/RegexPathMatcher_isValidPathPattern_2.java,3
/restful/src/main/java/org/apache/shardingsphere/elasticjob/restful/mapping/RegexUrlPatternMap_unifyPattern_2.java,3
/restful/src/main/java/org/apache/shardingsphere/elasticjob/restful/mapping/RegexPathMatcher_captureVariables_0.java,13
/restful/src/main/java/org/apache/shardingsphere/elasticjob/restful/NettyRestfulServiceConfiguration_addControllerInstances_1.java,3
/restful/src/main/java/org/apache/shardingsphere/elasticjob/restful/NettyRestfulService_startup_1.java,16
/restful/src/main/java/org/apache/shardingsphere/elasticjob/restful/deserializer/factory/impl/DefaultJsonRequestBodyDeserializerFactory_createDeserializer_1.java,3
/restful/src/main/java/org/apache/shardingsphere/elasticjob/restful/deserializer/factory/impl/DefaultTextPlainRequestBodyDeserializerFactory_mimeType_0.java,3
/restful/src/main/java/org/apache/shardingsphere/elasticjob/restful/deserializer/factory/impl/DefaultJsonRequestBodyDeserializerFactory_mimeType_0.java,3
/restful/src/main/java/org/apache/shardingsphere/elasticjob/restful/deserializer/factory/impl/DefaultTextPlainRequestBodyDeserializerFactory_createDeserializer_1.java,3
/restful/src/main/java/org/apache/shardingsphere/elasticjob/restful/deserializer/RequestBodyDeserializerFactory_getRequestBodyDeserializer_0.java,15
/restful/src/main/java/org/apache/shardingsphere/elasticjob/restful/deserializer/impl/DefaultTextPlainRequestBodyDeserializer_mimeType_0.java,3
/restful/src/main/java/org/apache/shardingsphere/elasticjob/restful/deserializer/impl/DefaultTextPlainRequestBodyDeserializer_deserialize_1.java,9
/restful/src/main/java/org/apache/shardingsphere/elasticjob/restful/deserializer/RequestBodyDeserializerNotFoundException_RequestBodyDeserializerNotFoundException_0.java,3
/restful/src/main/java/org/apache/shardingsphere/elasticjob/restful/deserializer/RequestBodyDeserializerFactory_instantiateRequestBodyDeserializerFromFactories_1.java,6
/restful/src/main/java/org/apache/shardingsphere/elasticjob/restful/NettyRestfulService_shutdown_2.java,4
/restful/src/main/java/org/apache/shardingsphere/elasticjob/restful/NettyRestfulServiceConfiguration_addFilterInstances_0.java,3
/restful/src/main/java/org/apache/shardingsphere/elasticjob/restful/NettyRestfulService_initServerBootstrap_0.java,8
/restful/src/main/java/org/apache/shardingsphere/elasticjob/restful/filter/DefaultFilterChain_DefaultFilterChain_0.java,5
/restful/src/main/java/org/apache/shardingsphere/elasticjob/restful/filter/DefaultFilterChain_doResponse_2.java,8
/restful/src/main/java/org/apache/shardingsphere/elasticjob/restful/filter/DefaultFilterChain_next_1.java,12
/restful/src/main/java/org/apache/shardingsphere/elasticjob/restful/pipeline/HandleMethodExecutor_exceptionCaught_2.java,7
/restful/src/main/java/org/apache/shardingsphere/elasticjob/restful/pipeline/HttpRequestDispatcher_HttpRequestDispatcher_0.java,4
/restful/src/main/java/org/apache/shardingsphere/elasticjob/restful/pipeline/HandleMethodExecutor_channelRead_0.java,20
/restful/src/main/java/org/apache/shardingsphere/elasticjob/restful/pipeline/HttpRequestDispatcher_channelRead_1.java,15
/restful/src/main/java/org/apache/shardingsphere/elasticjob/restful/pipeline/HandleMethodExecutor_populateHttpResponse_1.java,8
/restful/src/main/java/org/apache/shardingsphere/elasticjob/restful/pipeline/ExceptionHandling_searchExceptionHandler_5.java,18
/restful/src/main/java/org/apache/shardingsphere/elasticjob/restful/pipeline/RestfulServiceChannelInitializer_RestfulServiceChannelInitializer_0.java,8
/restful/src/main/java/org/apache/shardingsphere/elasticjob/restful/pipeline/ContextInitializationInboundHandler_channelRead_0.java,7
/restful/src/main/java/org/apache/shardingsphere/elasticjob/restful/pipeline/ExceptionHandling_addCustomExceptionHandlers_2.java,9
/restful/src/main/java/org/apache/shardingsphere/elasticjob/restful/pipeline/HandlerParameterDecoder_deserializeQueryParameter_3.java,9
/restful/src/main/java/org/apache/shardingsphere/elasticjob/restful/pipeline/HttpRequestDispatcher_initMappingRegistry_2.java,19
/restful/src/main/java/org/apache/shardingsphere/elasticjob/restful/pipeline/ExceptionHandling_ExceptionHandling_0.java,4
/restful/src/main/java/org/apache/shardingsphere/elasticjob/restful/pipeline/HandlerParameterDecoder_prepareArguments_1.java,56
/restful/src/main/java/org/apache/shardingsphere/elasticjob/restful/pipeline/HandlerParameterDecoder_channelRead_0.java,8
/restful/src/main/java/org/apache/shardingsphere/elasticjob/restful/pipeline/ExceptionHandling_initDefaultExceptionHandlers_1.java,3
/restful/src/main/java/org/apache/shardingsphere/elasticjob/restful/pipeline/RestfulServiceChannelInitializer_initChannel_1.java,11
/restful/src/main/java/org/apache/shardingsphere/elasticjob/restful/pipeline/ExceptionHandling_createHttpResponse_4.java,6
/restful/src/main/java/org/apache/shardingsphere/elasticjob/restful/pipeline/HttpRequestDispatcher_appendTrailingSlashIfAbsent_4.java,8
/restful/src/main/java/org/apache/shardingsphere/elasticjob/restful/pipeline/HandlerParameterDecoder_parseQuery_2.java,4
/restful/src/main/java/org/apache/shardingsphere/elasticjob/restful/pipeline/HttpRequestDispatcher_resolveFullPath_3.java,3
/restful/src/main/java/org/apache/shardingsphere/elasticjob/restful/pipeline/HandlerParameterDecoder_deserializeBuiltInType_4.java,32
/restful/src/main/java/org/apache/shardingsphere/elasticjob/restful/pipeline/ExceptionHandling_exceptionCaught_3.java,9
/restful/src/main/java/org/apache/shardingsphere/elasticjob/restful/pipeline/FilterChainInboundHandler_channelRead_0.java,9
/spring/namespace/src/main/java/org/apache/shardingsphere/elasticjob/spring/namespace/scanner/parser/JobScannerBeanDefinitionParser_parseInternal_0.java,6
/spring/namespace/src/main/java/org/apache/shardingsphere/elasticjob/spring/namespace/ElasticJobNamespaceHandler_init_0.java,7
/spring/namespace/src/main/java/org/apache/shardingsphere/elasticjob/spring/namespace/tracing/parser/TracingBeanDefinitionParser_parseInternal_0.java,6
/spring/namespace/src/main/java/org/apache/shardingsphere/elasticjob/spring/namespace/reg/parser/ZookeeperBeanDefinitionParser_parseInternal_0.java,7
/spring/namespace/src/main/java/org/apache/shardingsphere/elasticjob/spring/namespace/reg/parser/ZookeeperBeanDefinitionParser_addPropertyValueIfNotEmpty_2.java,6
/spring/namespace/src/main/java/org/apache/shardingsphere/elasticjob/spring/namespace/reg/parser/ZookeeperBeanDefinitionParser_buildZookeeperConfigurationBeanDefinition_1.java,12
/spring/namespace/src/main/java/org/apache/shardingsphere/elasticjob/spring/namespace/job/parser/JobBeanDefinitionParser_parsePropsElement_3.java,4
/spring/namespace/src/main/java/org/apache/shardingsphere/elasticjob/spring/namespace/job/parser/JobBeanDefinitionParser_parseInternal_0.java,18
/spring/namespace/src/main/java/org/apache/shardingsphere/elasticjob/spring/namespace/job/parser/JobBeanDefinitionParser_parseExtraConfigs_2.java,10
/spring/namespace/src/main/java/org/apache/shardingsphere/elasticjob/spring/namespace/job/parser/JobBeanDefinitionParser_createJobConfigurationBeanDefinition_1.java,36
/spring/boot-starter/src/main/java/org/apache/shardingsphere/elasticjob/spring/boot/reg/snapshot/ElasticJobSnapshotServiceConfiguration_snapshotService_0.java,3
/spring/boot-starter/src/main/java/org/apache/shardingsphere/elasticjob/spring/boot/reg/ZookeeperProperties_toZookeeperConfiguration_0.java,10
/spring/boot-starter/src/main/java/org/apache/shardingsphere/elasticjob/spring/boot/reg/ElasticJobRegistryCenterConfiguration_zookeeperRegistryCenter_0.java,3
/spring/boot-starter/src/main/java/org/apache/shardingsphere/elasticjob/spring/boot/job/ElasticJobBootstrapConfiguration_getTracingConfiguration_2.java,11
/spring/boot-starter/src/main/java/org/apache/shardingsphere/elasticjob/spring/boot/job/ScheduleJobBootstrapStartupRunner_run_0.java,5
/spring/boot-starter/src/main/java/org/apache/shardingsphere/elasticjob/spring/boot/job/ElasticJobBootstrapConfiguration_createJobBootstrapBeans_1.java,7
/spring/boot-starter/src/main/java/org/apache/shardingsphere/elasticjob/spring/boot/job/ElasticJobConfigurationProperties_toJobConfiguration_0.java,10
/spring/boot-starter/src/main/java/org/apache/shardingsphere/elasticjob/spring/boot/job/ElasticJobBootstrapConfiguration_afterSingletonsInstantiated_0.java,5
/spring/boot-starter/src/main/java/org/apache/shardingsphere/elasticjob/spring/boot/job/ElasticJobBootstrapConfiguration_jobExtraConfigurations_6.java,12
/spring/core/src/main/java/org/apache/shardingsphere/elasticjob/spring/core/scanner/JobScannerConfiguration_postProcessBeanDefinitionRegistry_2.java,4
/spring/core/src/main/java/org/apache/shardingsphere/elasticjob/spring/core/scanner/ClassPathJobScanner_processBeanDefinitions_2.java,23
/spring/core/src/main/java/org/apache/shardingsphere/elasticjob/spring/core/scanner/ClassPathJobScanner_doScan_1.java,8
/spring/core/src/main/java/org/apache/shardingsphere/elasticjob/spring/core/scanner/ClassPathJobScanner_ClassPathJobScanner_0.java,3
/spring/core/src/main/java/org/apache/shardingsphere/elasticjob/spring/core/scanner/JobScannerConfiguration_postProcessBeanFactory_1.java,2
/spring/core/src/main/java/org/apache/shardingsphere/elasticjob/spring/core/scanner/JobScannerConfiguration_afterPropertiesSet_0.java,3
/spring/core/src/main/java/org/apache/shardingsphere/elasticjob/spring/core/setup/SpringProxyJobClassNameProvider_SpringProxyJobClassNameProvider_0.java,3
/spring/core/src/main/java/org/apache/shardingsphere/elasticjob/spring/core/setup/SpringProxyJobClassNameProvider_getJobClassName_1.java,3
/spring/core/src/main/java/org/apache/shardingsphere/elasticjob/spring/core/util/AopTargetUtils_getTarget_0.java,10
/spring/core/src/main/java/org/apache/shardingsphere/elasticjob/spring/core/util/AopTargetUtils_getProxyTargetObjectForCglibAndSpring4_2.java,13
/spring/core/src/main/java/org/apache/shardingsphere/elasticjob/spring/core/util/AopTargetUtils_getProxyTargetObject_1.java,14
/spring/core/src/main/java/org/apache/shardingsphere/elasticjob/spring/core/util/AopTargetUtils_getTargetObject_3.java,9
/registry-center/api/src/main/java/org/apache/shardingsphere/elasticjob/reg/exception/RegExceptionHandler_handleException_0.java,12
/registry-center/api/src/main/java/org/apache/shardingsphere/elasticjob/reg/exception/RegException_RegException_0.java,3
/registry-center/api/src/main/java/org/apache/shardingsphere/elasticjob/reg/exception/RegExceptionHandler_isIgnoredException_1.java,3
/registry-center/provider/zookeeper-curator/src/main/java/org/apache/shardingsphere/elasticjob/reg/zookeeper/ZookeeperRegistryCenter_findCuratorCache_5.java,8
/registry-center/provider/zookeeper-curator/src/main/java/org/apache/shardingsphere/elasticjob/reg/zookeeper/ZookeeperRegistryCenter_persist_10.java,11
/registry-center/provider/zookeeper-curator/src/main/java/org/apache/shardingsphere/elasticjob/reg/zookeeper/ZookeeperRegistryCenter_getRawClient_17.java,3
/registry-center/provider/zookeeper-curator/src/main/java/org/apache/shardingsphere/elasticjob/reg/zookeeper/ZookeeperRegistryCenter_persistEphemeralSequential_14.java,7
/registry-center/provider/zookeeper-curator/src/main/java/org/apache/shardingsphere/elasticjob/reg/zookeeper/ZookeeperRegistryCenter_removeDataListeners_27.java,12
/registry-center/provider/zookeeper-curator/src/main/java/org/apache/shardingsphere/elasticjob/reg/zookeeper/ZookeeperRegistryCenter_toCuratorOps_20.java,8
/registry-center/provider/zookeeper-curator/src/main/java/org/apache/shardingsphere/elasticjob/reg/zookeeper/ZookeeperRegistryCenter_executeInLeader_25.java,9
/registry-center/provider/zookeeper-curator/src/main/java/org/apache/shardingsphere/elasticjob/reg/zookeeper/ZookeeperElectionService_stop_2.java,8
/registry-center/provider/zookeeper-curator/src/main/java/org/apache/shardingsphere/elasticjob/reg/zookeeper/ZookeeperRegistryCenter_watch_26.java,21
/registry-center/provider/zookeeper-curator/src/main/java/org/apache/shardingsphere/elasticjob/reg/zookeeper/ZookeeperRegistryCenter_getRegistryCenterTime_16.java,11
/registry-center/provider/zookeeper-curator/src/main/java/org/apache/shardingsphere/elasticjob/reg/zookeeper/ZookeeperRegistryCenter_isExisted_9.java,8
/registry-center/provider/zookeeper-curator/src/main/java/org/apache/shardingsphere/elasticjob/reg/zookeeper/ZookeeperRegistryCenter_handleException_30.java,7
/registry-center/provider/zookeeper-curator/src/main/java/org/apache/shardingsphere/elasticjob/reg/zookeeper/ZookeeperRegistryCenter_persistEphemeral_12.java,10
/registry-center/provider/zookeeper-curator/src/main/java/org/apache/shardingsphere/elasticjob/reg/zookeeper/ZookeeperRegistryCenter_get_4.java,8
/registry-center/provider/zookeeper-curator/src/main/java/org/apache/shardingsphere/elasticjob/reg/zookeeper/ZookeeperRegistryCenter_executeInTransaction_19.java,3
/registry-center/provider/zookeeper-curator/src/main/java/org/apache/shardingsphere/elasticjob/reg/zookeeper/ZookeeperRegistryCenter_getTypeFromCuratorType_29.java,12
/registry-center/provider/zookeeper-curator/src/main/java/org/apache/shardingsphere/elasticjob/reg/zookeeper/ZookeeperRegistryCenter_close_2.java,7
/registry-center/provider/zookeeper-curator/src/main/java/org/apache/shardingsphere/elasticjob/reg/zookeeper/ZookeeperRegistryCenter_toCuratorOp_21.java,18
/registry-center/provider/zookeeper-curator/src/main/java/org/apache/shardingsphere/elasticjob/reg/zookeeper/ZookeeperRegistryCenter_update_11.java,8
/registry-center/provider/zookeeper-curator/src/main/java/org/apache/shardingsphere/elasticjob/reg/zookeeper/ZookeeperRegistryCenter_persistSequential_13.java,8
/registry-center/provider/zookeeper-curator/src/main/java/org/apache/shardingsphere/elasticjob/reg/zookeeper/ZookeeperRegistryCenter_getNumChildren_8.java,11
/registry-center/provider/zookeeper-curator/src/main/java/org/apache/shardingsphere/elasticjob/reg/zookeeper/ZookeeperElectionService_start_1.java,4
/registry-center/provider/zookeeper-curator/src/main/java/org/apache/shardingsphere/elasticjob/reg/zookeeper/ZookeeperRegistryCenter_remove_15.java,7
/registry-center/provider/zookeeper-curator/src/main/java/org/apache/shardingsphere/elasticjob/reg/zookeeper/ZookeeperRegistryCenter_getDirectly_6.java,8
/registry-center/provider/zookeeper-curator/src/main/java/org/apache/shardingsphere/elasticjob/reg/zookeeper/ZookeeperRegistryCenter_waitForCacheClose_3.java,7
/registry-center/provider/zookeeper-curator/src/main/java/org/apache/shardingsphere/elasticjob/reg/zookeeper/ZookeeperRegistryCenter_init_1.java,36
/registry-center/provider/zookeeper-curator/src/main/java/org/apache/shardingsphere/elasticjob/reg/zookeeper/ZookeeperRegistryCenter_getChildrenKeys_7.java,10
/registry-center/provider/zookeeper-curator/src/main/java/org/apache/shardingsphere/elasticjob/reg/zookeeper/ZookeeperRegistryCenter_ZookeeperRegistryCenter_0.java,3
/registry-center/provider/zookeeper-curator/src/main/java/org/apache/shardingsphere/elasticjob/reg/zookeeper/ZookeeperRegistryCenter_removeConnStateListener_28.java,7
/registry-center/provider/zookeeper-curator/src/main/java/org/apache/shardingsphere/elasticjob/reg/zookeeper/ZookeeperRegistryCenter_evictCacheData_23.java,6
/registry-center/provider/zookeeper-curator/src/main/java/org/apache/shardingsphere/elasticjob/reg/zookeeper/ZookeeperElectionService_ZookeeperElectionService_0.java,19
/registry-center/provider/zookeeper-curator/src/main/java/org/apache/shardingsphere/elasticjob/reg/zookeeper/ZookeeperRegistryCenter_addCacheData_22.java,9
/registry-center/provider/zookeeper-curator/src/main/java/org/apache/shardingsphere/elasticjob/reg/zookeeper/ZookeeperRegistryCenter_getRawCache_24.java,3
