java_file,cc
/runelite-jshell/src/main/java/net/runelite/jshell/RLShellExecutionControl_generate_2.java,1
/runelite-client/src/main/java/net/runelite/client/chat/ChatClient_submitPb_8.java,2
/runelite-client/src/main/java/net/runelite/client/chat/ChatClient_getLayout_15.java,3
/runelite-client/src/main/java/net/runelite/client/chat/ChatClient_getGc_11.java,3
/runelite-client/src/main/java/net/runelite/client/chat/ChatClient_getKc_3.java,3
/runelite-client/src/main/java/net/runelite/client/chat/ChatClient_submitGc_10.java,2
/runelite-client/src/main/java/net/runelite/client/chat/ChatClient_submitLayout_14.java,2
/runelite-client/src/main/java/net/runelite/client/chat/ChatClient_getTask_7.java,3
/runelite-client/src/main/java/net/runelite/client/chat/ChatClient_submitQp_4.java,2
/runelite-client/src/main/java/net/runelite/client/chat/ChatClient_getPb_9.java,3
/runelite-client/src/main/java/net/runelite/client/chat/ChatClient_submitDuels_12.java,2
/runelite-client/src/main/java/net/runelite/client/chat/ChatClient_submitTask_6.java,2
/runelite-client/src/main/java/net/runelite/client/chat/ChatClient_getQp_5.java,3
/runelite-client/src/main/java/net/runelite/client/chat/ChatClient_getDuels_13.java,3
/runelite-client/src/main/java/net/runelite/client/chat/ChatClient_submitKc_2.java,2
/runelite-client/src/main/java/net/runelite/client/chat/ChatClient_getPetList_17.java,3
/runelite-client/src/main/java/net/runelite/client/chat/ChatClient_submitPetList_16.java,2
/runelite-client/src/main/java/net/runelite/client/config/ConfigClient_get_3.java,2
/runelite-client/src/main/java/net/runelite/client/config/ConfigClient_profiles_2.java,3
/runelite-client/src/main/java/net/runelite/client/RuneLite_start_1.java,5
/runelite-client/src/main/java/net/runelite/client/game/WorldClient_lookupWorlds_0.java,3
/runelite-client/src/main/java/net/runelite/client/game/ItemClient_getStats_4.java,3
/runelite-client/src/main/java/net/runelite/client/game/ItemClient_getPrices_3.java,3
/runelite-client/src/main/java/net/runelite/client/game/NpcInfoClient_getNpcs_2.java,3
/runelite-client/src/main/java/net/runelite/client/RuneLite_setupInsecureTrustManager_8.java,1
/runelite-client/src/main/java/net/runelite/client/SessionClient_ping_3.java,3
/runelite-client/src/main/java/net/runelite/client/RuneLite_loadTrustManagers_6.java,3
/runelite-client/src/main/java/net/runelite/client/RuneLite_main_0.java,9
/runelite-client/src/main/java/net/runelite/client/SessionClient_open_2.java,2
/runelite-client/src/main/java/net/runelite/client/account/AccountClient_login_2.java,2
/runelite-client/src/main/java/net/runelite/client/account/AccountClient_logout_3.java,2
/runelite-client/src/main/java/net/runelite/client/account/SessionManager_startServer_10.java,2
/runelite-client/src/main/java/net/runelite/client/SessionClient_delete_4.java,1
/runelite-client/src/main/java/net/runelite/client/party/Party_Party_0.java,1
/runelite-client/src/main/java/net/runelite/client/rs/TeeInputStream_read_2.java,2
/runelite-client/src/main/java/net/runelite/client/rs/TeeInputStream_read_1.java,2
/runelite-client/src/main/java/net/runelite/client/rs/TeeInputStream_skip_3.java,3
/runelite-client/src/main/java/net/runelite/client/rs/ClientConfigLoader_fetch_0.java,8
/runelite-client/src/main/java/net/runelite/client/RuneLite_setupTrustManager_7.java,12
/runelite-client/src/main/java/net/runelite/client/externalplugins/ExternalPluginManager_loadExternalPlugins_1.java,2
/runelite-client/src/main/java/net/runelite/client/externalplugins/ExternalPluginClient_getPluginCounts_10.java,3
/runelite-client/src/main/java/net/runelite/client/externalplugins/ExternalPluginClient_downloadIcon_6.java,3
/runelite-client/src/main/java/net/runelite/client/externalplugins/ExternalPluginClient_downloadManifestFull_4.java,1
/runelite-client/src/main/java/net/runelite/client/externalplugins/ExternalPluginClient_downloadManifestLite_3.java,1
/runelite-client/src/main/java/net/runelite/client/externalplugins/ExternalPluginClient_downloadManifest_5.java,4
/runelite-client/src/main/java/net/runelite/client/externalplugins/PluginHubClassLoader_defineClass0_1.java,1
/runelite-client/src/main/java/net/runelite/client/util/ExecutorServiceExceptionLogger_invokeAny_13.java,1
/runelite-client/src/main/java/net/runelite/client/util/RuntimeTypeAdapterFactory_registerSubtype_3.java,5
/runelite-client/src/main/java/net/runelite/client/util/ExecutorServiceExceptionLogger_awaitTermination_10.java,1
/runelite-client/src/main/java/net/runelite/client/util/QuantityFormatter_parseQuantity_3.java,1
/runelite-client/src/main/java/net/runelite/client/util/TransferableBufferedImage_getTransferData_0.java,2
/runelite-client/src/main/java/net/runelite/client/util/RuntimeTypeAdapterFactory_of_2.java,1
/runelite-client/src/main/java/net/runelite/client/util/MacOSPopupFactory_getPopup_0.java,1
/runelite-client/src/main/java/net/runelite/client/util/ExecutorServiceExceptionLogger_invokeAll_11.java,1
/runelite-client/src/main/java/net/runelite/client/util/RuntimeTypeAdapterFactory_registerSubtype_4.java,1
/runelite-client/src/main/java/net/runelite/client/util/QuantityFormatter_getMultiplier_6.java,5
/runelite-client/src/main/java/net/runelite/client/util/RuntimeTypeAdapterFactory_create_5.java,8
/runelite-client/src/main/java/net/runelite/client/util/CallableExceptionLogger_call_0.java,2
/runelite-client/src/main/java/net/runelite/client/util/ReflectUtil_uncacheAnnotations_4.java,4
/runelite-client/src/main/java/net/runelite/client/util/RuntimeTypeAdapterFactory_of_1.java,1
/runelite-client/src/main/java/net/runelite/client/util/ExecutorServiceExceptionLogger_invokeAny_14.java,1
/runelite-client/src/main/java/net/runelite/client/util/ExecutorServiceExceptionLogger_invokeAll_12.java,1
/runelite-client/src/main/java/net/runelite/client/util/RuntimeTypeAdapterFactory_RuntimeTypeAdapterFactory_0.java,3
/runelite-client/src/main/java/net/runelite/client/plugins/roofremoval/RoofRemovalPlugin_startUp_1.java,2
/runelite-client/src/main/java/net/runelite/client/plugins/roofremoval/RoofRemovalPlugin_loadRoofOverrides_8.java,7
/runelite-client/src/main/java/net/runelite/client/plugins/cooking/CookingPlugin_startUp_1.java,1
/runelite-client/src/main/java/net/runelite/client/plugins/cooking/CookingPlugin_shutDown_2.java,1
/runelite-client/src/main/java/net/runelite/client/plugins/hunter/HunterPlugin_shutDown_2.java,1
/runelite-client/src/main/java/net/runelite/client/plugins/kingdomofmiscellania/KingdomPlugin_shutDown_0.java,1
/runelite-client/src/main/java/net/runelite/client/plugins/herbiboars/HerbiboarPlugin_shutDown_2.java,1
/runelite-client/src/main/java/net/runelite/client/plugins/herbiboars/HerbiboarPlugin_startUp_1.java,2
/runelite-client/src/main/java/net/runelite/client/plugins/animsmoothing/AnimationSmoothingPlugin_shutDown_2.java,1
/runelite-client/src/main/java/net/runelite/client/plugins/animsmoothing/AnimationSmoothingPlugin_startUp_1.java,1
/runelite-client/src/main/java/net/runelite/client/plugins/fps/FpsPlugin_shutDown_4.java,1
/runelite-client/src/main/java/net/runelite/client/plugins/fps/FpsPlugin_startUp_3.java,1
/runelite-client/src/main/java/net/runelite/client/plugins/skybox/Skybox_Skybox_1.java,40
/runelite-client/src/main/java/net/runelite/client/plugins/skybox/Skybox_Skybox_0.java,1
/runelite-client/src/main/java/net/runelite/client/plugins/skybox/SkyboxPlugin_startUp_0.java,2
/runelite-client/src/main/java/net/runelite/client/plugins/config/UnitFormatter_stringToValue_1.java,3
/runelite-client/src/main/java/net/runelite/client/plugins/config/ConfigPlugin_startUp_0.java,1
/runelite-client/src/main/java/net/runelite/client/plugins/config/ConfigPlugin_shutDown_1.java,1
/runelite-client/src/main/java/net/runelite/client/plugins/opponentinfo/OpponentInfoPlugin_startUp_1.java,1
/runelite-client/src/main/java/net/runelite/client/plugins/opponentinfo/OpponentInfoPlugin_shutDown_2.java,1
/runelite-client/src/main/java/net/runelite/client/plugins/npchighlight/NpcIndicatorsPlugin_startUp_1.java,1
/runelite-client/src/main/java/net/runelite/client/plugins/npchighlight/NpcIndicatorsPlugin_shutDown_2.java,1
/runelite-client/src/main/java/net/runelite/client/plugins/PluginManager_startPlugin_12.java,10
/runelite-client/src/main/java/net/runelite/client/plugins/ammo/AmmoPlugin_shutDown_1.java,1
/runelite-client/src/main/java/net/runelite/client/plugins/ammo/AmmoPlugin_startUp_0.java,2
/runelite-client/src/main/java/net/runelite/client/plugins/tithefarm/TitheFarmPlugin_startUp_1.java,1
/runelite-client/src/main/java/net/runelite/client/plugins/tithefarm/TitheFarmPlugin_shutDown_2.java,1
/runelite-client/src/main/java/net/runelite/client/plugins/info/InfoPlugin_startUp_0.java,1
/runelite-client/src/main/java/net/runelite/client/plugins/blastmine/BlastMinePlugin_shutDown_2.java,2
/runelite-client/src/main/java/net/runelite/client/plugins/blastmine/BlastMinePlugin_startUp_1.java,1
/runelite-client/src/main/java/net/runelite/client/plugins/Plugin_startUp_3.java,1
/runelite-client/src/main/java/net/runelite/client/plugins/stretchedmode/StretchedModePlugin_shutDown_2.java,1
/runelite-client/src/main/java/net/runelite/client/plugins/mousehighlight/MouseHighlightPlugin_startUp_1.java,1
/runelite-client/src/main/java/net/runelite/client/plugins/mousehighlight/MouseHighlightPlugin_shutDown_2.java,1
/runelite-client/src/main/java/net/runelite/client/plugins/Plugin_shutDown_4.java,1
/runelite-client/src/main/java/net/runelite/client/plugins/discord/DiscordPlugin_startUp_1.java,1
/runelite-client/src/main/java/net/runelite/client/plugins/discord/DiscordPlugin_shutDown_2.java,1
/runelite-client/src/main/java/net/runelite/client/plugins/notes/NotesPlugin_startUp_1.java,1
/runelite-client/src/main/java/net/runelite/client/plugins/screenmarkers/ScreenMarkerPlugin_shutDown_1.java,1
/runelite-client/src/main/java/net/runelite/client/plugins/screenmarkers/ScreenMarkerPlugin_startUp_0.java,1
/runelite-client/src/main/java/net/runelite/client/plugins/PluginManager_instantiate_16.java,8
/runelite-client/src/main/java/net/runelite/client/plugins/woodcutting/WoodcuttingPlugin_startUp_1.java,1
/runelite-client/src/main/java/net/runelite/client/plugins/woodcutting/WoodcuttingPlugin_shutDown_2.java,1
/runelite-client/src/main/java/net/runelite/client/plugins/xtea/XteaClient_get_3.java,2
/runelite-client/src/main/java/net/runelite/client/plugins/xtea/XteaClient_get_4.java,2
/runelite-client/src/main/java/net/runelite/client/plugins/PluginClassLoader_loadClass_1.java,2
/runelite-client/src/main/java/net/runelite/client/plugins/pestcontrol/PestControlPlugin_startUp_0.java,1
/runelite-client/src/main/java/net/runelite/client/plugins/pestcontrol/PestControlPlugin_shutDown_1.java,1
/runelite-client/src/main/java/net/runelite/client/plugins/interfacestyles/InterfaceStylesPlugin_shutDown_2.java,1
/runelite-client/src/main/java/net/runelite/client/plugins/interfacestyles/InterfaceStylesPlugin_startUp_1.java,1
/runelite-client/src/main/java/net/runelite/client/plugins/playerindicators/PlayerIndicatorsPlugin_shutDown_2.java,1
/runelite-client/src/main/java/net/runelite/client/plugins/playerindicators/PlayerIndicatorsPlugin_startUp_1.java,1
/runelite-client/src/main/java/net/runelite/client/plugins/nightmarezone/NightmareZonePlugin_startUp_0.java,1
/runelite-client/src/main/java/net/runelite/client/plugins/nightmarezone/NightmareZonePlugin_shutDown_1.java,2
/runelite-client/src/main/java/net/runelite/client/plugins/PluginManager_loadCorePlugins_9.java,1
/runelite-client/src/main/java/net/runelite/client/plugins/skillcalculator/SkillCalculatorPlugin_shutDown_1.java,1
/runelite-client/src/main/java/net/runelite/client/plugins/skillcalculator/SkillCalculatorPlugin_startUp_0.java,1
/runelite-client/src/main/java/net/runelite/client/plugins/account/AccountPlugin_startUp_0.java,1
/runelite-client/src/main/java/net/runelite/client/plugins/account/AccountPlugin_shutDown_2.java,1
/runelite-client/src/main/java/net/runelite/client/plugins/wintertodt/WintertodtPlugin_shutDown_2.java,1
/runelite-client/src/main/java/net/runelite/client/plugins/wintertodt/WintertodtPlugin_startUp_1.java,1
/runelite-client/src/main/java/net/runelite/client/plugins/runepouch/RunepouchPlugin_startUp_1.java,1
/runelite-client/src/main/java/net/runelite/client/plugins/runepouch/RunepouchPlugin_shutDown_2.java,1
/runelite-client/src/main/java/net/runelite/client/plugins/runecraft/RunecraftPlugin_shutDown_2.java,1
/runelite-client/src/main/java/net/runelite/client/plugins/runecraft/RunecraftPlugin_startUp_1.java,1
/runelite-client/src/main/java/net/runelite/client/plugins/statusbars/StatusBarsPlugin_startUp_0.java,1
/runelite-client/src/main/java/net/runelite/client/plugins/statusbars/StatusBarsPlugin_shutDown_1.java,1
/runelite-client/src/main/java/net/runelite/client/plugins/runenergy/RunEnergyPlugin_startUp_1.java,1
/runelite-client/src/main/java/net/runelite/client/plugins/runenergy/RunEnergyPlugin_shutDown_2.java,1
/runelite-client/src/main/java/net/runelite/client/plugins/pyramidplunder/PyramidPlunderPlugin_startUp_1.java,1
/runelite-client/src/main/java/net/runelite/client/plugins/pyramidplunder/PyramidPlunderPlugin_shutDown_2.java,2
/runelite-client/src/main/java/net/runelite/client/plugins/puzzlesolver/PuzzleSolverPlugin_shutDown_1.java,1
/runelite-client/src/main/java/net/runelite/client/plugins/puzzlesolver/PuzzleSolverPlugin_startUp_0.java,1
/runelite-client/src/main/java/net/runelite/client/plugins/party/PartyPlugin_startUp_1.java,1
/runelite-client/src/main/java/net/runelite/client/plugins/party/PartyPlugin_shutDown_2.java,1
/runelite-client/src/main/java/net/runelite/client/plugins/bosstimer/BossTimersPlugin_shutDown_0.java,1
/runelite-client/src/main/java/net/runelite/client/plugins/devtools/DevToolsPlugin_shutDown_2.java,1
/runelite-client/src/main/java/net/runelite/client/plugins/devtools/DevToolsPlugin_startUp_1.java,1
/runelite-client/src/main/java/net/runelite/client/plugins/PluginManager_stopPlugin_13.java,3
/runelite-client/src/main/java/net/runelite/client/plugins/worldmap/WorldMapPlugin_startUp_1.java,1
/runelite-client/src/main/java/net/runelite/client/plugins/worldmap/WorldMapPlugin_shutDown_2.java,1
/runelite-client/src/main/java/net/runelite/client/plugins/chatfilter/ChatFilterPlugin_startUp_1.java,1
/runelite-client/src/main/java/net/runelite/client/plugins/chatfilter/ChatFilterPlugin_shutDown_2.java,1
/runelite-client/src/main/java/net/runelite/client/plugins/gpu/regions/Regions_Regions_1.java,18
/runelite-client/src/main/java/net/runelite/client/plugins/gpu/regions/Regions_Regions_0.java,1
/runelite-client/src/main/java/net/runelite/client/plugins/gpu/Shader_compile_1.java,9
/runelite-client/src/main/java/net/runelite/client/plugins/gpu/GpuPlugin_initProgram_6.java,3
/runelite-client/src/main/java/net/runelite/client/plugins/twitch/irc/TwitchIRCClient_join_6.java,1
/runelite-client/src/main/java/net/runelite/client/plugins/twitch/irc/TwitchIRCClient_ping_7.java,1
/runelite-client/src/main/java/net/runelite/client/plugins/twitch/irc/TwitchIRCClient_privmsg_8.java,1
/runelite-client/src/main/java/net/runelite/client/plugins/twitch/irc/TwitchIRCClient_read_10.java,5
/runelite-client/src/main/java/net/runelite/client/plugins/twitch/irc/TwitchIRCClient_send_9.java,3
/runelite-client/src/main/java/net/runelite/client/plugins/twitch/irc/TwitchIRCClient_register_5.java,1
/runelite-client/src/main/java/net/runelite/client/plugins/itemstats/ItemStatPlugin_startUp_2.java,1
/runelite-client/src/main/java/net/runelite/client/plugins/itemstats/ItemStatPlugin_shutDown_3.java,1
/runelite-client/src/main/java/net/runelite/client/plugins/attackstyles/AttackStylesPlugin_startUp_1.java,2
/runelite-client/src/main/java/net/runelite/client/plugins/timestamp/TimestampPlugin_shutDown_2.java,1
/runelite-client/src/main/java/net/runelite/client/plugins/timestamp/TimestampPlugin_startUp_1.java,1
/runelite-client/src/main/java/net/runelite/client/plugins/xptracker/XpTrackerPlugin_startUp_2.java,2
/runelite-client/src/main/java/net/runelite/client/plugins/xptracker/XpTrackerPlugin_shutDown_3.java,1
/runelite-client/src/main/java/net/runelite/client/plugins/xpglobes/XpGlobesPlugin_shutDown_2.java,1
/runelite-client/src/main/java/net/runelite/client/plugins/xpglobes/XpGlobesPlugin_startUp_1.java,1
/runelite-client/src/main/java/net/runelite/client/plugins/fishing/FishingPlugin_shutDown_2.java,1
/runelite-client/src/main/java/net/runelite/client/plugins/fishing/FishingPlugin_startUp_1.java,1
/runelite-client/src/main/java/net/runelite/client/plugins/barrows/BarrowsPlugin_startUp_1.java,1
/runelite-client/src/main/java/net/runelite/client/plugins/crowdsourcing/CrowdsourcingPlugin_shutDown_1.java,1
/runelite-client/src/main/java/net/runelite/client/plugins/crowdsourcing/CrowdsourcingPlugin_startUp_0.java,1
/runelite-client/src/main/java/net/runelite/client/plugins/combatlevel/CombatLevelPlugin_shutDown_2.java,3
/runelite-client/src/main/java/net/runelite/client/plugins/combatlevel/CombatLevelPlugin_startUp_1.java,2
/runelite-client/src/main/java/net/runelite/client/plugins/cannon/CannonPlugin_shutDown_2.java,1
/runelite-client/src/main/java/net/runelite/client/plugins/cannon/CannonPlugin_startUp_1.java,1
/runelite-client/src/main/java/net/runelite/client/plugins/keyremapping/KeyRemappingPlugin_shutDown_1.java,2
/runelite-client/src/main/java/net/runelite/client/plugins/keyremapping/KeyRemappingPlugin_startUp_0.java,2
/runelite-client/src/main/java/net/runelite/client/plugins/antidrag/AntiDragPlugin_shutDown_2.java,1
/runelite-client/src/main/java/net/runelite/client/plugins/antidrag/AntiDragPlugin_startUp_1.java,3
/runelite-client/src/main/java/net/runelite/client/plugins/PluginManager_loadPlugins_11.java,19
/runelite-client/src/main/java/net/runelite/client/plugins/itemprices/ItemPricesPlugin_startUp_1.java,1
/runelite-client/src/main/java/net/runelite/client/plugins/itemprices/ItemPricesPlugin_shutDown_2.java,1
/runelite-client/src/main/java/net/runelite/client/plugins/instancemap/InstanceMapPlugin_shutDown_4.java,1
/runelite-client/src/main/java/net/runelite/client/plugins/instancemap/InstanceMapPlugin_startUp_3.java,1
/runelite-client/src/main/java/net/runelite/client/plugins/mining/MiningPlugin_shutDown_2.java,1
/runelite-client/src/main/java/net/runelite/client/plugins/randomevents/RandomEventPlugin_shutDown_1.java,1
/runelite-client/src/main/java/net/runelite/client/plugins/barbarianassault/BarbarianAssaultPlugin_startUp_1.java,1
/runelite-client/src/main/java/net/runelite/client/plugins/barbarianassault/BarbarianAssaultPlugin_shutDown_2.java,1
/runelite-client/src/main/java/net/runelite/client/plugins/timetracking/TimeTrackingPlugin_startUp_1.java,1
/runelite-client/src/main/java/net/runelite/client/plugins/timetracking/TimeTrackingPlugin_shutDown_2.java,2
/runelite-client/src/main/java/net/runelite/client/plugins/timetracking/clocks/ClockPanel_stringToSeconds_6.java,4
/runelite-client/src/main/java/net/runelite/client/plugins/npcunaggroarea/NpcAggroAreaPlugin_startUp_1.java,1
/runelite-client/src/main/java/net/runelite/client/plugins/npcunaggroarea/NpcAggroAreaPlugin_shutDown_2.java,1
/runelite-client/src/main/java/net/runelite/client/plugins/cluescrolls/ClueScrollPlugin_shutDown_3.java,1
/runelite-client/src/main/java/net/runelite/client/plugins/cluescrolls/ClueScrollPlugin_startUp_2.java,1
/runelite-client/src/main/java/net/runelite/client/plugins/hiscore/HiscorePlugin_startUp_1.java,3
/runelite-client/src/main/java/net/runelite/client/plugins/hiscore/HiscorePlugin_shutDown_2.java,2
/runelite-client/src/main/java/net/runelite/client/plugins/worldhopper/WorldHopperPlugin_shutDown_2.java,1
/runelite-client/src/main/java/net/runelite/client/plugins/worldhopper/WorldHopperPlugin_startUp_1.java,2
/runelite-client/src/main/java/net/runelite/client/plugins/worldhopper/ping/Ping_icmpPing_2.java,14
/runelite-client/src/main/java/net/runelite/client/plugins/worldhopper/ping/Ping_tcpPing_4.java,2
/runelite-client/src/main/java/net/runelite/client/plugins/boosts/BoostsPlugin_shutDown_2.java,2
/runelite-client/src/main/java/net/runelite/client/plugins/boosts/BoostsPlugin_startUp_1.java,2
/runelite-client/src/main/java/net/runelite/client/plugins/corp/CorpPlugin_shutDown_2.java,1
/runelite-client/src/main/java/net/runelite/client/plugins/corp/CorpPlugin_startUp_1.java,1
/runelite-client/src/main/java/net/runelite/client/plugins/blastfurnace/BlastFurnacePlugin_startUp_0.java,1
/runelite-client/src/main/java/net/runelite/client/hiscore/HiscoreClient_lookup_2.java,1
/runelite-client/src/main/java/net/runelite/client/hiscore/HiscoreManager_lookup_1.java,5
/runelite-client/src/main/java/net/runelite/client/hiscore/HiscoreClient_processResponse_6.java,9
/runelite-client/src/main/java/net/runelite/client/hiscore/HiscoreLoader_load_1.java,1
/runelite-client/src/main/java/net/runelite/client/hiscore/HiscoreClient_lookup_3.java,2
/runelite-client/src/main/java/net/runelite/client/hiscore/HiscoreClient_lookup_1.java,1
/runelite-client/src/main/java/net/runelite/client/ui/ClientUI_init_8.java,11
/cache/target/generated-sources/antlr4/net/runelite/cache/script/assembler/rs2asmBaseListener_exitName_string_33.java,1
/cache/target/generated-sources/antlr4/net/runelite/cache/script/assembler/rs2asmParser_getATN_8.java,1
/cache/target/generated-sources/antlr4/net/runelite/cache/script/assembler/rs2asmParser_makeLiteralNames_1.java,1
/cache/target/generated-sources/antlr4/net/runelite/cache/script/assembler/rs2asmParser_getRuleNames_6.java,1
/cache/target/generated-sources/antlr4/net/runelite/cache/script/assembler/rs2asmBaseListener_enterOperand_int_38.java,1
/cache/target/generated-sources/antlr4/net/runelite/cache/script/assembler/rs2asmBaseListener_exitOperand_qstring_41.java,1
/cache/target/generated-sources/antlr4/net/runelite/cache/script/assembler/rs2asmBaseListener_exitString_var_value_23.java,1
/cache/target/generated-sources/antlr4/net/runelite/cache/script/assembler/rs2asmLexer_getModeNames_10.java,1
/cache/target/generated-sources/antlr4/net/runelite/cache/script/assembler/rs2asmBaseListener_visitTerminal_52.java,1
/cache/target/generated-sources/antlr4/net/runelite/cache/script/assembler/rs2asmBaseListener_enterString_stack_value_18.java,1
/cache/target/generated-sources/antlr4/net/runelite/cache/script/assembler/rs2asmParser_int_stack_count_13.java,1
/cache/target/generated-sources/antlr4/net/runelite/cache/script/assembler/rs2asmBaseListener_enterId_value_14.java,1
/cache/target/generated-sources/antlr4/net/runelite/cache/script/assembler/rs2asmBaseListener_enterInt_stack_count_6.java,1
/cache/target/generated-sources/antlr4/net/runelite/cache/script/assembler/rs2asmParser_string_var_value_21.java,1
/cache/target/generated-sources/antlr4/net/runelite/cache/script/assembler/rs2asmBaseListener_exitString_stack_count_9.java,1
/cache/target/generated-sources/antlr4/net/runelite/cache/script/assembler/rs2asmParser_string_stack_count_14.java,1
/cache/target/generated-sources/antlr4/net/runelite/cache/script/assembler/rs2asmParser_name_string_26.java,1
/cache/target/generated-sources/antlr4/net/runelite/cache/script/assembler/rs2asmParser_switch_key_33.java,1
/cache/target/generated-sources/antlr4/net/runelite/cache/script/assembler/rs2asmParser_getTokenNames_3.java,1
/cache/target/generated-sources/antlr4/net/runelite/cache/script/assembler/rs2asmBaseListener_exitInt_var_count_11.java,1
/cache/target/generated-sources/antlr4/net/runelite/cache/script/assembler/rs2asmParser_prog_10.java,9
/cache/target/generated-sources/antlr4/net/runelite/cache/script/assembler/rs2asmBaseListener_enterSwitch_value_48.java,1
/cache/target/generated-sources/antlr4/net/runelite/cache/script/assembler/rs2asmParser_rs2asmParser_9.java,1
/cache/target/generated-sources/antlr4/net/runelite/cache/script/assembler/rs2asmBaseListener_enterOperand_qstring_40.java,1
/cache/target/generated-sources/antlr4/net/runelite/cache/script/assembler/rs2asmBaseListener_enterString_var_count_12.java,1
/cache/target/generated-sources/antlr4/net/runelite/cache/script/assembler/rs2asmLexer_getSerializedATN_8.java,1
/cache/target/generated-sources/antlr4/net/runelite/cache/script/assembler/rs2asmParser_getVocabulary_4.java,1
/cache/target/generated-sources/antlr4/net/runelite/cache/script/assembler/rs2asmParser_string_stack_value_19.java,1
/cache/target/generated-sources/antlr4/net/runelite/cache/script/assembler/rs2asmBaseListener_enterProg_0.java,1
/cache/target/generated-sources/antlr4/net/runelite/cache/script/assembler/rs2asmParser_getSerializedATN_7.java,1
/cache/target/generated-sources/antlr4/net/runelite/cache/script/assembler/rs2asmParser_operand_int_29.java,1
/cache/target/generated-sources/antlr4/net/runelite/cache/script/assembler/rs2asmBaseListener_enterOperand_label_42.java,1
/cache/target/generated-sources/antlr4/net/runelite/cache/script/assembler/rs2asmLexer_getTokenNames_3.java,1
/cache/target/generated-sources/antlr4/net/runelite/cache/script/assembler/rs2asmParser_name_opcode_27.java,1
/cache/target/generated-sources/antlr4/net/runelite/cache/script/assembler/rs2asmParser_getGrammarFileName_5.java,1
/cache/target/generated-sources/antlr4/net/runelite/cache/script/assembler/rs2asmBaseListener_enterSwitch_lookup_44.java,1
/cache/target/generated-sources/antlr4/net/runelite/cache/script/assembler/rs2asmLexer_makeSymbolicNames_2.java,1
/cache/target/generated-sources/antlr4/net/runelite/cache/script/assembler/rs2asmBaseListener_exitSwitch_key_47.java,1
/cache/target/generated-sources/antlr4/net/runelite/cache/script/assembler/rs2asmBaseListener_enterInt_var_value_20.java,1
/cache/target/generated-sources/antlr4/net/runelite/cache/script/assembler/rs2asmBaseListener_exitName_opcode_35.java,1
/cache/target/generated-sources/antlr4/net/runelite/cache/script/assembler/rs2asmBaseListener_exitSwitch_value_49.java,1
/cache/target/generated-sources/antlr4/net/runelite/cache/script/assembler/rs2asmBaseListener_enterInstruction_26.java,1
/cache/target/generated-sources/antlr4/net/runelite/cache/script/assembler/rs2asmParser_makeRuleNames_0.java,1
/cache/target/generated-sources/antlr4/net/runelite/cache/script/assembler/rs2asmBaseListener_exitInt_stack_count_7.java,1
/cache/target/generated-sources/antlr4/net/runelite/cache/script/assembler/rs2asmBaseListener_exitSwitch_lookup_45.java,1
/cache/target/generated-sources/antlr4/net/runelite/cache/script/assembler/rs2asmBaseListener_enterName_string_32.java,1
/cache/target/generated-sources/antlr4/net/runelite/cache/script/assembler/rs2asmBaseListener_enterInstruction_operand_36.java,1
/cache/target/generated-sources/antlr4/net/runelite/cache/script/assembler/rs2asmParser_operand_label_31.java,1
/cache/target/generated-sources/antlr4/net/runelite/cache/script/assembler/rs2asmParser_switch_lookup_32.java,1
/cache/target/generated-sources/antlr4/net/runelite/cache/script/assembler/rs2asmLexer_getRuleNames_7.java,1
/cache/target/generated-sources/antlr4/net/runelite/cache/script/assembler/rs2asmBaseListener_enterEveryRule_50.java,1
/cache/target/generated-sources/antlr4/net/runelite/cache/script/assembler/rs2asmParser_instruction_operand_28.java,1
/cache/target/generated-sources/antlr4/net/runelite/cache/script/assembler/rs2asmParser_id_value_17.java,1
/cache/target/generated-sources/antlr4/net/runelite/cache/script/assembler/rs2asmParser_label_24.java,1
/cache/target/generated-sources/antlr4/net/runelite/cache/script/assembler/rs2asmBaseListener_exitId_5.java,1
/cache/target/generated-sources/antlr4/net/runelite/cache/script/assembler/rs2asmBaseListener_exitString_var_count_13.java,1
/cache/target/generated-sources/antlr4/net/runelite/cache/script/assembler/rs2asmLexer_getChannelNames_9.java,1
/cache/target/generated-sources/antlr4/net/runelite/cache/script/assembler/rs2asmBaseListener_enterId_4.java,1
/cache/target/generated-sources/antlr4/net/runelite/cache/script/assembler/rs2asmBaseListener_enterLabel_28.java,1
/cache/target/generated-sources/antlr4/net/runelite/cache/script/assembler/rs2asmParser_header_11.java,8
/cache/target/generated-sources/antlr4/net/runelite/cache/script/assembler/rs2asmBaseListener_visitErrorNode_53.java,1
/cache/target/generated-sources/antlr4/net/runelite/cache/script/assembler/rs2asmBaseListener_exitInstruction_operand_37.java,1
/cache/target/generated-sources/antlr4/net/runelite/cache/script/assembler/rs2asmParser_makeSymbolicNames_2.java,1
/cache/target/generated-sources/antlr4/net/runelite/cache/script/assembler/rs2asmParser_line_22.java,5
/cache/target/generated-sources/antlr4/net/runelite/cache/script/assembler/rs2asmParser_id_12.java,1
/cache/target/generated-sources/antlr4/net/runelite/cache/script/assembler/rs2asmBaseListener_exitInt_stack_value_17.java,1
/cache/target/generated-sources/antlr4/net/runelite/cache/script/assembler/rs2asmBaseListener_exitProg_1.java,1
/cache/target/generated-sources/antlr4/net/runelite/cache/script/assembler/rs2asmLexer_rs2asmLexer_5.java,1
/cache/target/generated-sources/antlr4/net/runelite/cache/script/assembler/rs2asmBaseListener_enterInt_var_count_10.java,1
/cache/target/generated-sources/antlr4/net/runelite/cache/script/assembler/rs2asmBaseListener_enterString_stack_count_8.java,1
/cache/target/generated-sources/antlr4/net/runelite/cache/script/assembler/rs2asmParser_instruction_name_25.java,1
/cache/target/generated-sources/antlr4/net/runelite/cache/script/assembler/rs2asmBaseListener_enterName_opcode_34.java,1
/cache/target/generated-sources/antlr4/net/runelite/cache/script/assembler/rs2asmBaseListener_enterString_var_value_22.java,1
/cache/target/generated-sources/antlr4/net/runelite/cache/script/assembler/rs2asmParser_operand_qstring_30.java,1
/cache/target/generated-sources/antlr4/net/runelite/cache/script/assembler/rs2asmBaseListener_exitHeader_3.java,1
/cache/target/generated-sources/antlr4/net/runelite/cache/script/assembler/rs2asmBaseListener_exitOperand_label_43.java,1
/cache/target/generated-sources/antlr4/net/runelite/cache/script/assembler/rs2asmBaseListener_enterLine_24.java,1
/cache/target/generated-sources/antlr4/net/runelite/cache/script/assembler/rs2asmParser_int_stack_value_18.java,1
/cache/target/generated-sources/antlr4/net/runelite/cache/script/assembler/rs2asmLexer_makeLiteralNames_1.java,1
/cache/target/generated-sources/antlr4/net/runelite/cache/script/assembler/rs2asmLexer_getVocabulary_4.java,1
/cache/target/generated-sources/antlr4/net/runelite/cache/script/assembler/rs2asmBaseListener_exitInstruction_name_31.java,1
/cache/target/generated-sources/antlr4/net/runelite/cache/script/assembler/rs2asmParser_instruction_23.java,1
/cache/target/generated-sources/antlr4/net/runelite/cache/script/assembler/rs2asmBaseListener_exitInt_var_value_21.java,1
/cache/target/generated-sources/antlr4/net/runelite/cache/script/assembler/rs2asmBaseListener_enterInt_stack_value_16.java,1
/cache/target/generated-sources/antlr4/net/runelite/cache/script/assembler/rs2asmParser_int_var_value_20.java,1
/cache/target/generated-sources/antlr4/net/runelite/cache/script/assembler/rs2asmLexer_getGrammarFileName_6.java,1
/cache/target/generated-sources/antlr4/net/runelite/cache/script/assembler/rs2asmBaseListener_exitId_value_15.java,1
/cache/target/generated-sources/antlr4/net/runelite/cache/script/assembler/rs2asmParser_int_var_count_15.java,1
/cache/target/generated-sources/antlr4/net/runelite/cache/script/assembler/rs2asmBaseListener_enterSwitch_key_46.java,1
/cache/target/generated-sources/antlr4/net/runelite/cache/script/assembler/rs2asmBaseListener_exitLabel_29.java,1
/cache/target/generated-sources/antlr4/net/runelite/cache/script/assembler/rs2asmBaseListener_enterInstruction_name_30.java,1
/cache/target/generated-sources/antlr4/net/runelite/cache/script/assembler/rs2asmBaseListener_exitLine_25.java,1
/cache/target/generated-sources/antlr4/net/runelite/cache/script/assembler/rs2asmLexer_makeRuleNames_0.java,1
/cache/target/generated-sources/antlr4/net/runelite/cache/script/assembler/rs2asmBaseListener_exitEveryRule_51.java,1
/cache/target/generated-sources/antlr4/net/runelite/cache/script/assembler/rs2asmLexer_getATN_11.java,1
/cache/target/generated-sources/antlr4/net/runelite/cache/script/assembler/rs2asmBaseListener_exitOperand_int_39.java,1
/cache/target/generated-sources/antlr4/net/runelite/cache/script/assembler/rs2asmBaseListener_exitInstruction_27.java,1
/cache/target/generated-sources/antlr4/net/runelite/cache/script/assembler/rs2asmBaseListener_enterHeader_2.java,1
/cache/target/generated-sources/antlr4/net/runelite/cache/script/assembler/rs2asmParser_switch_value_34.java,1
/cache/target/generated-sources/antlr4/net/runelite/cache/script/assembler/rs2asmParser_string_var_count_16.java,1
/cache/target/generated-sources/antlr4/net/runelite/cache/script/assembler/rs2asmBaseListener_exitString_stack_value_19.java,1
/cache/src/main/java/net/runelite/cache/DBRowManager_load_1.java,3
/cache/src/main/java/net/runelite/cache/fs/Archive_decompress_5.java,6
/cache/src/main/java/net/runelite/cache/fs/Archive_getFiles_6.java,1
/cache/src/main/java/net/runelite/cache/fs/Store_Store_1.java,1
/cache/src/main/java/net/runelite/cache/fs/Container_decompress_2.java,10
/cache/src/main/java/net/runelite/cache/fs/Container_compress_1.java,7
/cache/src/main/java/net/runelite/cache/fs/flat/FlatStorage_load_7.java,21
/cache/src/main/java/net/runelite/cache/fs/flat/FlatStorage_save_8.java,6
/cache/src/main/java/net/runelite/cache/fs/flat/FlatStorage_listFlatcacheFiles_4.java,1
/cache/src/main/java/net/runelite/cache/fs/flat/FlatStorage_FlatStorage_0.java,1
/cache/src/main/java/net/runelite/cache/fs/flat/FlatStorage_openReader_2.java,1
/cache/src/main/java/net/runelite/cache/fs/flat/FlatStorage_init_5.java,2
/cache/src/main/java/net/runelite/cache/fs/flat/FlatStorage_openWriter_3.java,1
/cache/src/main/java/net/runelite/cache/fs/flat/FlatStorage_close_6.java,1
/cache/src/main/java/net/runelite/cache/fs/Store_save_9.java,1
/cache/src/main/java/net/runelite/cache/fs/jagex/DiskStorage_readIndex_5.java,2
/cache/src/main/java/net/runelite/cache/fs/jagex/DataFile_write_4.java,8
/cache/src/main/java/net/runelite/cache/fs/jagex/DiskStorage_save_7.java,2
/cache/src/main/java/net/runelite/cache/fs/jagex/IndexFile_IndexFile_0.java,1
/cache/src/main/java/net/runelite/cache/fs/jagex/DiskStorage_loadIndex_6.java,3
/cache/src/main/java/net/runelite/cache/fs/jagex/DataFile_read_3.java,15
/cache/src/main/java/net/runelite/cache/fs/jagex/DataFile_DataFile_0.java,1
/cache/src/main/java/net/runelite/cache/fs/jagex/DiskStorage_load_9.java,2
/cache/src/main/java/net/runelite/cache/fs/jagex/DiskStorage_saveIndex_8.java,1
/cache/src/main/java/net/runelite/cache/fs/jagex/DiskStorage_store_10.java,1
/cache/src/main/java/net/runelite/cache/fs/jagex/IndexFile_read_7.java,4
/cache/src/main/java/net/runelite/cache/fs/jagex/DiskStorage_getIndex_3.java,4
/cache/src/main/java/net/runelite/cache/fs/jagex/DiskStorage_load_4.java,2
/cache/src/main/java/net/runelite/cache/fs/jagex/IndexFile_write_6.java,1
/cache/src/main/java/net/runelite/cache/fs/jagex/IndexFile_getIndexCount_8.java,1
/cache/src/main/java/net/runelite/cache/fs/jagex/DataFile_clear_2.java,1
/cache/src/main/java/net/runelite/cache/fs/jagex/DiskStorage_init_1.java,2
/cache/src/main/java/net/runelite/cache/fs/jagex/DataFile_close_1.java,1
/cache/src/main/java/net/runelite/cache/fs/jagex/DiskStorage_DiskStorage_0.java,1
/cache/src/main/java/net/runelite/cache/fs/jagex/IndexFile_close_1.java,1
/cache/src/main/java/net/runelite/cache/fs/jagex/DiskStorage_close_2.java,2
/cache/src/main/java/net/runelite/cache/fs/jagex/IndexFile_clear_2.java,1
/cache/src/main/java/net/runelite/cache/fs/Store_load_8.java,1
/cache/src/main/java/net/runelite/cache/fs/Archive_decompress_4.java,1
/cache/src/main/java/net/runelite/cache/fs/Archive_getFiles_7.java,2
/cache/src/main/java/net/runelite/cache/fs/Store_close_3.java,1
/cache/src/main/java/net/runelite/cache/fs/Store_Store_0.java,1
/cache/src/main/java/net/runelite/cache/InterfaceManager_java_8.java,9
/cache/src/main/java/net/runelite/cache/InventoryManager_load_1.java,2
/cache/src/main/java/net/runelite/cache/region/RegionLoader_loadRegionFromArchive_2.java,4
/cache/src/main/java/net/runelite/cache/region/RegionLoader_loadRegions_1.java,4
/cache/src/main/java/net/runelite/cache/MapImageDumper_loadSprites_29.java,1
/cache/src/main/java/net/runelite/cache/OverlayManager_load_1.java,2
/cache/src/main/java/net/runelite/cache/UnderlayManager_load_1.java,2
/cache/src/main/java/net/runelite/cache/MapImageDumper_loadUnderlays_25.java,2
/cache/src/main/java/net/runelite/cache/MapImageDumper_loadRegions_24.java,1
/cache/src/main/java/net/runelite/cache/InterfaceManager_load_1.java,4
/cache/src/main/java/net/runelite/cache/MapImageDumper_main_2.java,5
/cache/src/main/java/net/runelite/cache/SpriteManager_load_1.java,3
/cache/src/main/java/net/runelite/cache/ObjectManager_java_5.java,4
/cache/src/main/java/net/runelite/cache/StructManager_load_1.java,2
/cache/src/main/java/net/runelite/cache/TextureManager_load_1.java,2
/cache/src/main/java/net/runelite/cache/SpriteManager_export_5.java,4
/cache/src/main/java/net/runelite/cache/script/assembler/Assembler_assemble_1.java,2
/cache/src/main/java/net/runelite/cache/script/disassembler/Disassembler_disassemble_3.java,11
/cache/src/main/java/net/runelite/cache/Cache_dumpItems_2.java,1
/cache/src/main/java/net/runelite/cache/MapImageDumper_load_5.java,1
/cache/src/main/java/net/runelite/cache/DBTableManager_load_1.java,3
/cache/src/main/java/net/runelite/cache/ObjectManager_dump_4.java,2
/cache/src/main/java/net/runelite/cache/InterfaceManager_export_7.java,5
/cache/src/main/java/net/runelite/cache/ObjectManager_load_1.java,2
/cache/src/main/java/net/runelite/cache/definitions/exporters/SpriteExporter_exportTo_2.java,1
/cache/src/main/java/net/runelite/cache/definitions/exporters/ObjectExporter_exportTo_2.java,2
/cache/src/main/java/net/runelite/cache/definitions/exporters/ItemExporter_exportTo_2.java,2
/cache/src/main/java/net/runelite/cache/definitions/exporters/NpcExporter_exportTo_2.java,2
/cache/src/main/java/net/runelite/cache/definitions/exporters/InterfaceExporter_exportTo_2.java,2
/cache/src/main/java/net/runelite/cache/Cache_dumpNpcs_3.java,1
/cache/src/main/java/net/runelite/cache/util/BZip2_compressLibBZip2_2.java,7
/cache/src/main/java/net/runelite/cache/util/GZip_compress_0.java,2
/cache/src/main/java/net/runelite/cache/util/IDClass_create_1.java,1
/cache/src/main/java/net/runelite/cache/util/BZip2_decompress_3.java,2
/cache/src/main/java/net/runelite/cache/util/BZip2_compress_0.java,2
/cache/src/main/java/net/runelite/cache/util/GZip_decompress_1.java,2
/cache/src/main/java/net/runelite/cache/util/IDClass_IDClass_0.java,1
/cache/src/main/java/net/runelite/cache/util/BZip2_compressApache_1.java,2
/cache/src/main/java/net/runelite/cache/util/Djb2Manager_load_0.java,2
/cache/src/main/java/net/runelite/cache/DBTableIndexManager_load_1.java,4
/cache/src/main/java/net/runelite/cache/MapImageDumper_loadOverlays_27.java,2
/cache/src/main/java/net/runelite/cache/AreaManager_load_1.java,2
/cache/src/main/java/net/runelite/cache/Cache_dumpObjects_4.java,1
/cache/src/main/java/net/runelite/cache/Cache_loadStore_1.java,1
/cache/src/main/java/net/runelite/cache/item/ItemSpriteFactory_getModel_2.java,9
/cache/src/main/java/net/runelite/cache/Cache_dumpSprites_5.java,1
/cache/src/main/java/net/runelite/cache/Cache_main_0.java,10
/cache/src/main/java/net/runelite/cache/io/OutputStream_write_19.java,1
/cache/src/main/java/net/runelite/cache/io/InputStream_read_30.java,1
/cache/src/main/java/net/runelite/cache/HeightMapDumper_load_1.java,1
/runelite-maven-plugin/src/main/java/net/runelite/mvn/ComponentMojo_writeClass_3.java,2
/runelite-maven-plugin/src/main/java/net/runelite/mvn/AssembleMojo_execute_0.java,5
/runelite-maven-plugin/src/main/java/net/runelite/mvn/ComponentMojo_executeOne_1.java,12
/runelite-maven-plugin/src/main/java/net/runelite/mvn/ComponentMojo_execute_0.java,2
